[2026-03-14 00:47:27] === 自主学习触发 ===
[2026-03-14 00:47:27] 当前时段：游戏开发 (game-dev)
[2026-03-14 00:47:27] 当前主题：游戏开发 v0.7
[2026-03-14 00:47:27] 当前状态：learning
[2026-03-14 00:47:27] 子主题：装备系统设计
[2026-03-14 00:47:27] 🚀 调用 openclaw agent 执行学习...
[2026-03-14 00:47:27] ❌ openclaw agent 执行失败
[2026-03-14 00:47:27] Gateway agent failed; falling back to embedded: Error: Pass --to <E.164>, --session-id, or --agent to choose a session
Error: Pass --to <E.164>, --session-id, or --agent to choose a session
[2026-03-14 00:48:53] === 自主学习触发 ===
[2026-03-14 00:48:53] 当前时段：游戏开发 (game-dev)
[2026-03-13 16:48:53] ❌ 错误：Unexpected token 'V', ..."          VIP 加成系统","... is not valid JSON
[2026-03-13 16:48:53] SyntaxError: Unexpected token 'V', ..."          VIP 加成系统","... is not valid JSON
    at JSON.parse (<anonymous>)
    at [stdin]:18:22
    at runScriptInThisContext (node:internal/vm:209:10)
    at node:internal/process/execution:446:12
    at [stdin]-wrapper:6:24
    at runScriptInContext (node:internal/process/execution:444:60)
    at evalFunction (node:internal/process/execution:279:30)
    at evalTypeScript (node:internal/process/execution:291:3)
    at node:internal/main/eval_stdin:53:5
    at Socket.<anonymous> (node:internal/process/execution:201:5)
[2026-03-14 00:49:22] === 自主学习触发 ===
[2026-03-14 00:49:22] 当前时段：游戏开发 (game-dev)
[2026-03-13 16:49:22] 当前主题：游戏开发 v0.7
[2026-03-13 16:49:22] 当前状态：learning
[2026-03-13 16:49:22] 子主题：装备系统设计
[2026-03-13 16:49:22] 下一步任务：v0.7 新功能
[2026-03-13 16:49:22] ✅ 学习状态已更新
[2026-03-13 16:49:22] 📚 开始学习：游戏开发 v0.7 - v0.7 新功能
[2026-03-13 16:49:22] === 自主学习完成 ===

[2026-03-14 00:49:29] === 自主学习触发 ===
[2026-03-14 00:49:29] 当前时段：游戏开发 (game-dev)
[2026-03-13 16:49:29] 当前主题：游戏开发 v0.7
[2026-03-13 16:49:29] 当前状态：learning
[2026-03-13 16:49:29] 子主题：v0.7 新功能
[2026-03-13 16:49:29] 下一步任务：v0.7 新功能
[2026-03-13 16:49:29] ✅ 学习状态已更新
[2026-03-13 16:49:29] 📚 开始学习：游戏开发 v0.7 - v0.7 新功能
[2026-03-13 16:49:29] === 自主学习完成 ===

[2026-03-14 00:50:30] === 自主学习触发 ===
[2026-03-13 16:50:30] 当前时段：game-dev
[2026-03-13 16:50:30] 当前主题：游戏开发 v0.7
[2026-03-13 16:50:30] 当前状态：learning
[2026-03-13 16:50:30] 🎮 执行游戏开发学习...
[2026-03-13 16:50:30] 📝 创建装备系统文件...
[2026-03-13 16:50:30] ✅ 装备系统核心已创建
[2026-03-13 16:50:30] ✅ 装备系统测试已创建
[2026-03-13 16:50:30] 🧪 运行装备系统测试...
[2026-03-13 16:50:33] 测试结果：
> dream-idle@0.0.0 test
> jest equipment.test.ts

FAIL src/utils/equipment.test.ts
  ● Test suite failed to run

    [96msrc/utils/equipment.test.ts[0m:[93m58[0m:[93m37[0m - [91merror[0m[90m...
[2026-03-13 16:50:33] ✅ v0.7 装备系统完成！
[2026-03-13 16:50:33] ✅ 学习状态已更新
[2026-03-13 16:50:33] === 自主学习完成 ===

[2026-03-14 01:00:01] === 自主学习触发 ===
[2026-03-14 01:15:01] === 自主学习触发 ===
[2026-03-14 01:20:41] === 自主学习触发 ===
[2026-03-13 17:20:41] 当前时段：game-dev
[2026-03-13 17:20:41] 当前主题：游戏开发 v0.7
[2026-03-13 17:20:41] 当前状态：completed
[2026-03-13 17:20:41] 🎮 执行游戏开发学习...
[2026-03-13 17:20:41] 📝 v0.7 已完成，开始 v0.8 好友系统...
[2026-03-13 17:20:41] 📝 创建好友系统文件...
[2026-03-13 17:20:41] ✅ 好友系统核心已创建
[2026-03-13 17:20:41] ✅ 好友系统测试已创建
[2026-03-13 17:20:41] 🧪 运行好友系统测试...
[2026-03-13 17:20:44] 测试结果：
> dream-idle@0.0.0 test
> jest friends.test.ts

PASS src/utils/friends.test.ts
  好友系统 v0.8
    添加好友
      ✓ 成功添加好友 (8 ms)
      ✓ 好友数量达到上限 (1 ms)
    接受好友请求
      ✓ 成功接受请求 (1 ms)
    删除好友
      ✓ 成功删...
[2026-03-13 17:20:44] ✅ v0.8 好友系统完成！
[2026-03-13 17:20:44] ✅ 学习状态已更新
[2026-03-13 17:20:44] === 自主学习完成 ===

[2026-03-14 01:23:15] === 自主学习触发 ===
[2026-03-13 17:23:15] 当前时段：game-dev
[2026-03-13 17:23:15] 当前主题：游戏开发 v0.7
[2026-03-13 17:23:15] 当前状态：completed
[2026-03-13 17:23:15] 🎮 执行游戏开发学习...
[2026-03-13 17:23:15] ✅ 游戏开发进度正常，继续下一版本
[2026-03-13 17:23:15] ✅ 学习状态已更新
[2026-03-13 17:23:15] === 自主学习完成 ===

[2026-03-14 01:23:59] === 自主学习触发 ===
[2026-03-13 17:23:59] 当前时段：game-dev
[2026-03-13 17:23:59] 当前主题：游戏开发 v0.7
[2026-03-13 17:23:59] 当前状态：completed
[2026-03-13 17:23:59] 🎮 执行游戏开发学习...
[2026-03-13 17:23:59] 📝 v0.8 已完成，开始 v0.9 排行榜系统...
[2026-03-13 17:23:59] 📝 创建排行榜系统文件...
[2026-03-13 17:23:59] ✅ 排行榜系统核心已创建
[2026-03-13 17:23:59] ✅ 排行榜系统测试已创建
[2026-03-13 17:23:59] 🧪 运行排行榜系统测试...
[2026-03-13 17:24:02] 测试结果：
> dream-idle@0.0.0 test
> jest leaderboard.test.ts

PASS src/utils/leaderboard.test.ts
  排行榜系统 v0.9
    战力计算
      ✓ 计算玩家战力 (3 ms)
      ✓ 高等级高战力 (1 ms)
    战力榜
      ✓ 生成战力榜 (1 ms)
      ✓ 战力榜按战力排序 ...
[2026-03-13 17:24:02] ✅ v0.9 排行榜系统完成！
[2026-03-13 17:24:02] ✅ 学习状态已更新
[2026-03-13 17:24:02] === 自主学习完成 ===

[2026-03-14 01:30:01] === 自主学习触发 ===
[2026-03-14 01:35:09] === 自主学习触发 ===
[2026-03-13 17:35:09] 当前时段：game-dev
[2026-03-13 17:35:09] 当前主题：游戏开发 v0.7
[2026-03-13 17:35:09] 当前状态：completed
[2026-03-13 17:35:09] 🎮 执行游戏开发学习...
[2026-03-13 17:35:09] 📝 v0.8 已完成，开始 v0.9 排行榜系统...
[2026-03-13 17:35:09] ⚠️ 排行榜系统已存在，跳过
[2026-03-13 17:35:09] ✅ 学习状态已更新
[2026-03-13 17:35:09] === 自主学习完成 ===

[2026-03-14 01:35:57] === 自主学习触发 ===
[2026-03-13 17:35:57] 当前时段：game-dev
[2026-03-13 17:35:57] 当前主题：游戏开发 v0.7
[2026-03-13 17:35:57] 当前状态：completed
[2026-03-13 17:35:57] 🎮 执行游戏开发学习...
[2026-03-13 17:35:57] 📝 v0.8 已完成，开始 v0.9 排行榜系统...
[2026-03-13 17:35:57] ⚠️ 排行榜系统已存在，跳过
[2026-03-13 17:35:57] ✅ 学习状态已更新
[2026-03-13 17:35:57] === 自主学习完成 ===

[2026-03-14 01:37:05] === 自主学习触发 ===
[2026-03-14 01:38:12] === 自主学习触发 ===
[2026-03-13 17:38:12] 当前时段：game-dev
[2026-03-13 17:38:12] 当前状态：completed
[2026-03-13 17:38:12] 下一步：v0.10
[2026-03-13 17:38:12] 📝 学习 v0.10 公会系统...
[2026-03-13 17:38:12] ✅ 公会系统核心已创建
[2026-03-13 17:38:12] ✅ 公会系统测试已创建
[2026-03-13 17:38:12] 🧪 运行测试...
[2026-03-13 17:38:14] 测试结果：
> dream-idle@0.0.0 test
> jest guild.test.ts

PASS src/utils/guild.test.ts
  公会系统 v0.10
    ✓ 创建公会 (3 ms)
    ✓ 加入公会

Test Suites: 1 passed, 1 total
...
[2026-03-13 17:38:14] ✅ v0.10 完成！
[2026-03-13 17:38:14] ✅ 学习状态已更新
[2026-03-13 17:38:14] === 自主学习完成 ===

[2026-03-14 01:45:01] === 自主学习触发 ===
[2026-03-14 02:00:01] === 自主学习触发 ===
[2026-03-14 02:15:01] === 自主学习触发 ===
[2026-03-14 02:30:01] === 自主学习触发 ===
[2026-03-14 02:45:01] === 自主学习触发 ===
[2026-03-14 03:00:01] === 自主学习触发 ===
[2026-03-14 03:15:01] === 自主学习触发 ===
[2026-03-14 03:30:01] === 自主学习触发 ===
[2026-03-14 03:45:01] === 自主学习触发 ===
[2026-03-14 04:00:01] === 自主学习触发 ===
[2026-03-14 04:15:01] === 自主学习触发 ===
[2026-03-14 04:30:01] === 自主学习触发 ===
[2026-03-14 04:45:01] === 自主学习触发 ===
[2026-03-14 05:00:01] === 自主学习触发 ===
[2026-03-14 05:15:01] === 自主学习触发 ===
[2026-03-14 05:30:01] === 自主学习触发 ===
[2026-03-14 05:45:01] === 自主学习触发 ===
[2026-03-14 06:00:01] === 自主学习触发 ===
[2026-03-14 06:15:01] === 自主学习触发 ===
[2026-03-14 06:30:01] === 自主学习触发 ===
[2026-03-14 06:45:01] === 自主学习触发 ===
[2026-03-14 07:00:01] === 自主学习触发 ===
[2026-03-14 07:15:01] === 自主学习触发 ===
[2026-03-14 07:30:01] === 自主学习触发 ===
[2026-03-14 07:45:01] === 自主学习触发 ===
[2026-03-14 08:00:01] === 自主学习触发 ===
[2026-03-14 08:15:01] === 自主学习触发 ===
[2026-03-14 08:30:01] === 自主学习触发 ===
[2026-03-14 08:45:01] === 自主学习触发 ===
[2026-03-14 09:00:01] === 自主学习触发 ===
[2026-03-14 09:15:01] === 自主学习触发 ===
[2026-03-14 09:30:02] === 自主学习触发 ===
[2026-03-14 09:45:01] === 自主学习触发 ===
[2026-03-14 10:00:01] === 自主学习触发 ===
[2026-03-14 10:15:01] === 自主学习触发 ===
[2026-03-14 10:30:01] === 自主学习触发 ===
[2026-03-14 10:45:01] === 自主学习触发 ===
[2026-03-14 11:00:01] === 自主学习触发 ===
[2026-03-14 11:15:01] === 自主学习触发 ===
[2026-03-14 11:30:01] === 自主学习触发 ===
[2026-03-14 11:45:01] === 自主学习触发 ===
[2026-03-14 12:00:01] === 自主学习触发 ===
[2026-03-14 12:15:01] === 自主学习触发 ===
[2026-03-14 12:30:01] === 自主学习触发 ===
[2026-03-14 12:45:01] === 自主学习触发 ===
[2026-03-14 13:00:01] === 自主学习触发 ===
[2026-03-14 13:15:01] === 自主学习触发 ===
[2026-03-14 13:30:01] === 自主学习触发 ===
[2026-03-14 13:45:01] === 自主学习触发 ===
[2026-03-14 14:00:01] === 自主学习触发 ===
[2026-03-14 14:15:01] === 自主学习触发 ===
[2026-03-14 14:30:01] === 自主学习触发 ===
[2026-03-14 14:45:01] === 自主学习触发 ===
[2026-03-14 15:00:01] === 自主学习触发 ===
[2026-03-14 15:15:01] === 自主学习触发 ===
[2026-03-14 15:30:01] === 自主学习触发 ===
[2026-03-14 15:45:01] === 自主学习触发 ===
[2026-03-14 16:00:01] === 自主学习触发 ===
[2026-03-14 16:15:01] === 自主学习触发 ===
[2026-03-14 16:30:01] === 自主学习触发 ===
[2026-03-14 16:45:01] === 自主学习触发 ===
[2026-03-14 17:00:01] === 自主学习触发 ===
[2026-03-14 17:15:01] === 自主学习触发 ===
[2026-03-14 17:30:01] === 自主学习触发 ===
[2026-03-14 17:45:01] === 自主学习触发 ===
[2026-03-14 18:00:01] === 自主学习触发 ===
[2026-03-14 18:15:01] === 自主学习触发 ===
[2026-03-14 18:30:01] === 自主学习触发 ===
[2026-03-14 18:45:01] === 自主学习触发 ===
[2026-03-14 19:00:01] === 自主学习触发 ===
[2026-03-14 19:15:01] === 自主学习触发 ===
[2026-03-14 19:30:01] === 自主学习触发 ===
[2026-03-14 19:45:01] === 自主学习触发 ===
[2026-03-14 20:00:01] === 自主学习触发 ===
[2026-03-14 20:15:01] === 自主学习触发 ===
[2026-03-14 20:30:01] === 自主学习触发 ===
[2026-03-14 20:45:01] === 自主学习触发 ===
[2026-03-14 21:00:01] === 自主学习触发 ===
[2026-03-14 21:15:01] === 自主学习触发 ===
[2026-03-14 21:30:01] === 自主学习触发 ===
[2026-03-14 21:45:01] === 自主学习触发 ===
[2026-03-14 22:00:01] === 自主学习触发 ===
[2026-03-14 22:15:01] === 自主学习触发 ===
[2026-03-14 22:30:01] === 自主学习触发 ===
[2026-03-14 22:45:01] === 自主学习触发 ===
[2026-03-14 23:00:01] === 自主学习触发 ===
[2026-03-14 23:15:01] === 自主学习触发 ===
[2026-03-14 23:30:01] === 自主学习触发 ===
[2026-03-14 23:45:01] === 自主学习触发 ===
[2026-03-15 00:00:01] === 自主学习触发 ===
[2026-03-15 00:15:01] === 自主学习触发 ===
[2026-03-15 00:30:01] === 自主学习触发 ===
[2026-03-15 00:45:01] === 自主学习触发 ===
[2026-03-15 01:00:01] === 自主学习触发 ===
[2026-03-15 01:15:01] === 自主学习触发 ===
[2026-03-15 01:30:01] === 自主学习触发 ===
[2026-03-15 01:45:01] === 自主学习触发 ===
[2026-03-15 02:00:01] === 自主学习触发 ===
[2026-03-15 02:15:01] === 自主学习触发 ===
[2026-03-15 02:30:02] === 自主学习触发 ===
[2026-03-15 02:45:01] === 自主学习触发 ===
[2026-03-15 03:00:01] === 自主学习触发 ===
[2026-03-15 03:15:01] === 自主学习触发 ===
[2026-03-15 03:30:01] === 自主学习触发 ===
[2026-03-15 03:45:01] === 自主学习触发 ===
[2026-03-15 04:00:01] === 自主学习触发 ===
[2026-03-15 04:15:01] === 自主学习触发 ===
[2026-03-15 04:30:01] === 自主学习触发 ===
[2026-03-15 04:45:01] === 自主学习触发 ===
[2026-03-15 05:00:01] === 自主学习触发 ===
[2026-03-15 05:15:01] === 自主学习触发 ===
[2026-03-15 05:30:01] === 自主学习触发 ===
[2026-03-15 05:45:01] === 自主学习触发 ===
[2026-03-15 06:00:01] === 自主学习触发 ===
[2026-03-15 06:15:01] === 自主学习触发 ===
[2026-03-15 06:30:01] === 自主学习触发 ===
[2026-03-15 06:45:01] === 自主学习触发 ===
[2026-03-15 07:00:01] === 自主学习触发 ===
[2026-03-15 07:15:01] === 自主学习触发 ===
[2026-03-15 07:30:01] === 自主学习触发 ===
[2026-03-15 07:45:01] === 自主学习触发 ===
[2026-03-15 08:00:01] === 自主学习触发 ===
[2026-03-15 08:15:01] === 自主学习触发 ===
[2026-03-15 08:30:01] === 自主学习触发 ===
[2026-03-15 08:45:01] === 自主学习触发 ===
[2026-03-15 09:00:01] === 自主学习触发 ===
[2026-03-15 09:15:01] === 自主学习触发 ===
[2026-03-15 09:30:01] === 自主学习触发 ===
[2026-03-15 09:45:01] === 自主学习触发 ===
[2026-03-15 10:00:01] === 自主学习触发 ===
[2026-03-15 10:15:01] === 自主学习触发 ===
[2026-03-15 10:30:01] === 自主学习触发 ===
[2026-03-15 10:45:01] === 自主学习触发 ===
[2026-03-15 11:00:01] === 自主学习触发 ===
[2026-03-15 11:15:01] === 自主学习触发 ===
[2026-03-15 11:30:01] === 自主学习触发 ===
[2026-03-15 11:45:01] === 自主学习触发 ===
[2026-03-15 12:00:01] === 自主学习触发 ===
[2026-03-15 12:15:01] === 自主学习触发 ===
[2026-03-15 12:30:01] === 自主学习触发 ===
[2026-03-15 12:45:01] === 自主学习触发 ===
[2026-03-15 13:00:01] === 自主学习触发 ===
[2026-03-15 13:15:01] === 自主学习触发 ===
[2026-03-15 13:30:01] === 自主学习触发 ===
[2026-03-15 13:45:01] === 自主学习触发 ===
[2026-03-15 14:00:01] === 自主学习触发 ===
[2026-03-15 14:15:01] === 自主学习触发 ===
[2026-03-15 14:30:01] === 自主学习触发 ===
[2026-03-15 14:45:01] === 自主学习触发 ===
[2026-03-15 15:00:01] === 自主学习触发 ===
[2026-03-15 15:15:01] === 自主学习触发 ===
[2026-03-15 15:30:01] === 自主学习触发 ===
[2026-03-15 15:45:01] === 自主学习触发 ===
[2026-03-15 16:00:01] === 自主学习触发 ===
[2026-03-15 16:15:01] === 自主学习触发 ===
[2026-03-15 16:30:01] === 自主学习触发 ===
[2026-03-15 16:45:01] === 自主学习触发 ===
[2026-03-15 17:00:01] === 自主学习触发 ===
[2026-03-15 17:15:01] === 自主学习触发 ===
[2026-03-15 17:30:01] === 自主学习触发 ===
[2026-03-15 17:45:01] === 自主学习触发 ===
[2026-03-15 18:00:01] === 自主学习触发 ===
[2026-03-15 18:15:01] === 自主学习触发 ===
[2026-03-15 18:30:01] === 自主学习触发 ===
[2026-03-15 18:45:01] === 自主学习触发 ===
[2026-03-15 19:00:01] === 自主学习触发 ===
[2026-03-15 19:15:01] === 自主学习触发 ===
[2026-03-15 19:30:01] === 自主学习触发 ===
[2026-03-15 19:45:01] === 自主学习触发 ===
[2026-03-15 20:00:01] === 自主学习触发 ===
[2026-03-15 20:15:01] === 自主学习触发 ===
[2026-03-15 20:30:01] === 自主学习触发 ===
[2026-03-15 20:45:01] === 自主学习触发 ===
[2026-03-15 20:45:01] 时段：总结提升 (20:00-24:00)
[2026-03-15 21:00:01] === 自主学习触发 ===
[2026-03-15 21:00:01] 时段：总结提升 (20:00-24:00)
[2026-03-15 21:15:01] === 自主学习触发 ===
[2026-03-15 21:15:01] 时段：总结提升 (20:00-24:00)
[2026-03-15 21:30:01] === 自主学习触发 ===
[2026-03-15 21:30:01] 时段：总结提升 (20:00-24:00)
[2026-03-15 21:45:01] === 自主学习触发 ===
[2026-03-15 21:45:01] 时段：总结提升 (20:00-24:00)
[2026-03-15 22:00:01] === 自主学习触发 ===
[2026-03-15 22:00:01] 时段：总结提升 (20:00-24:00)
[2026-03-15 22:15:01] === 自主学习触发 ===
[2026-03-15 22:15:01] 时段：总结提升 (20:00-24:00)
[2026-03-15 22:30:01] === 自主学习触发 ===
[2026-03-15 22:30:01] 时段：总结提升 (20:00-24:00)
[2026-03-15 14:30:01] 🧬 总结提升时段
[2026-03-15 14:30:01] ⏰ 22:00+，应该生成每日进化报告
[2026-03-15 14:30:01] === 自主学习完成 ===

[2026-03-15 22:45:01] === 自主学习触发 ===
[2026-03-15 22:45:01] 时段：总结提升 (20:00-24:00)
[2026-03-15 14:45:01] 🧬 总结提升时段
[2026-03-15 14:45:01] ⏰ 22:00+，应该生成每日进化报告
[2026-03-15 14:45:01] === 自主学习完成 ===

[2026-03-15 23:00:01] === 自主学习触发 ===
[2026-03-15 23:00:01] 时段：总结提升 (20:00-24:00)
[2026-03-15 15:00:01] 🧬 总结提升时段
[2026-03-15 15:00:01] ⏰ 22:00+，应该生成每日进化报告
[2026-03-15 15:00:01] === 自主学习完成 ===

[2026-03-15 23:15:01] === 自主学习触发 ===
[2026-03-15 23:15:01] 时段：总结提升 (20:00-24:00)
[2026-03-15 15:15:01] 🧬 总结提升时段
[2026-03-15 15:15:01] ⏰ 22:00+，应该生成每日进化报告
[2026-03-15 15:15:01] === 自主学习完成 ===

[2026-03-15 23:30:01] === 自主学习触发 ===
[2026-03-15 23:30:01] 时段：总结提升 (20:00-24:00)
[2026-03-15 15:30:01] 🧬 总结提升时段
[2026-03-15 15:30:01] ⏰ 22:00+，应该生成每日进化报告
[2026-03-15 15:30:01] === 自主学习完成 ===

[2026-03-15 23:45:01] === 自主学习触发 ===
[2026-03-15 23:45:01] 时段：总结提升 (20:00-24:00)
[2026-03-15 15:45:01] 🧬 总结提升时段
[2026-03-15 15:45:01] ⏰ 22:00+，应该生成每日进化报告
[2026-03-15 15:45:01] === 自主学习完成 ===

[2026-03-16 00:00:01] === 自主学习触发 ===
[2026-03-16 00:00:01] 时段：游戏开发 (00:00-10:00)
[2026-03-15 16:00:01] 🎮 游戏开发时段
[2026-03-15 16:00:01] ✅ 游戏开发 v0.1-v0.16 已全部完成，等待新任务

[2026-03-16 00:15:01] === 自主学习触发 ===
[2026-03-16 00:15:01] 时段：游戏开发 (00:00-10:00)
[2026-03-15 16:15:01] 🎮 游戏开发时段
[2026-03-15 16:15:01] ✅ 游戏开发 v0.1-v0.16 已全部完成，等待新任务

[2026-03-16 00:30:01] === 自主学习触发 ===
[2026-03-16 00:30:01] 时段：游戏开发 (00:00-10:00)
[2026-03-15 16:30:01] 🎮 游戏开发时段
[2026-03-15 16:30:01] ✅ 游戏开发 v0.1-v0.16 已全部完成，等待新任务

[2026-03-16 00:45:01] === 自主学习触发 ===
[2026-03-16 00:45:01] 时段：游戏开发 (00:00-10:00)
[2026-03-15 16:45:01] 🎮 游戏开发时段
[2026-03-15 16:45:01] ✅ 游戏开发 v0.1-v0.16 已全部完成，等待新任务

[2026-03-16 01:00:01] === 自主学习触发 ===
[2026-03-16 01:00:01] 时段：游戏开发 (00:00-10:00)
[2026-03-15 17:00:01] 🎮 游戏开发时段
[2026-03-15 17:00:01] ✅ 游戏开发 v0.1-v0.16 已全部完成，等待新任务

[2026-03-16 01:15:01] === 自主学习触发 ===
[2026-03-16 01:15:01] 时段：游戏开发 (00:00-10:00)
[2026-03-15 17:15:01] 🎮 游戏开发时段
[2026-03-15 17:15:01] ✅ 游戏开发 v0.1-v0.16 已全部完成，等待新任务

[2026-03-16 01:30:01] === 自主学习触发 ===
[2026-03-16 01:30:01] 时段：游戏开发 (00:00-10:00)
[2026-03-15 17:30:01] 🎮 游戏开发时段
[2026-03-15 17:30:01] ✅ 游戏开发 v0.1-v0.16 已全部完成，等待新任务

[2026-03-16 01:45:01] === 自主学习触发 ===
[2026-03-16 01:45:01] 时段：游戏开发 (00:00-10:00)
[2026-03-15 17:45:01] 🎮 游戏开发时段
[2026-03-15 17:45:01] ✅ 游戏开发 v0.1-v0.16 已全部完成，等待新任务

[2026-03-16 02:00:01] === 自主学习触发 ===
[2026-03-16 02:00:01] 时段：游戏开发 (00:00-10:00)
[2026-03-15 18:00:01] 🎮 游戏开发时段
[2026-03-15 18:00:01] ✅ 游戏开发 v0.1-v0.16 已全部完成，等待新任务

[2026-03-16 02:15:01] === 自主学习触发 ===
[2026-03-16 02:15:01] 时段：游戏开发 (00:00-10:00)
[2026-03-15 18:15:01] 🎮 游戏开发时段
[2026-03-15 18:15:01] ✅ 游戏开发 v0.1-v0.16 已全部完成，等待新任务

[2026-03-16 02:30:01] === 自主学习触发 ===
[2026-03-16 02:30:01] 时段：游戏开发 (00:00-10:00)
[2026-03-15 18:30:01] 🎮 游戏开发时段
[2026-03-15 18:30:01] ✅ 游戏开发 v0.1-v0.16 已全部完成，等待新任务

[2026-03-16 02:45:01] === 自主学习触发 ===
[2026-03-16 02:45:01] 时段：游戏开发 (00:00-10:00)
[2026-03-15 18:45:01] 🎮 游戏开发时段
[2026-03-15 18:45:01] ✅ 游戏开发 v0.1-v0.16 已全部完成，等待新任务

[2026-03-16 03:00:01] === 自主学习触发 ===
[2026-03-16 03:00:01] 时段：游戏开发 (00:00-10:00)
[2026-03-15 19:00:01] 🎮 游戏开发时段
[2026-03-15 19:00:01] ✅ 游戏开发 v0.1-v0.16 已全部完成，等待新任务

[2026-03-16 03:15:01] === 自主学习触发 ===
[2026-03-16 03:15:01] 时段：游戏开发 (00:00-10:00)
[2026-03-15 19:15:01] 🎮 游戏开发时段
[2026-03-15 19:15:01] ✅ 游戏开发 v0.1-v0.16 已全部完成，等待新任务

[2026-03-16 03:30:01] === 自主学习触发 ===
[2026-03-16 03:30:01] 时段：游戏开发 (00:00-10:00)
[2026-03-15 19:30:01] 🎮 游戏开发时段
[2026-03-15 19:30:01] ✅ 游戏开发 v0.1-v0.16 已全部完成，等待新任务

[2026-03-16 03:45:01] === 自主学习触发 ===
[2026-03-16 03:45:01] 时段：游戏开发 (00:00-10:00)
[2026-03-15 19:45:01] 🎮 游戏开发时段
[2026-03-15 19:45:01] ✅ 游戏开发 v0.1-v0.16 已全部完成，等待新任务

[2026-03-16 04:00:01] === 自主学习触发 ===
[2026-03-16 04:00:01] 时段：游戏开发 (00:00-10:00)
[2026-03-15 20:00:01] 🎮 游戏开发时段
[2026-03-15 20:00:01] ✅ 游戏开发 v0.1-v0.16 已全部完成，等待新任务

[2026-03-16 04:15:01] === 自主学习触发 ===
[2026-03-16 04:15:01] 时段：游戏开发 (00:00-10:00)
[2026-03-15 20:15:01] 🎮 游戏开发时段
[2026-03-15 20:15:01] ✅ 游戏开发 v0.1-v0.16 已全部完成，等待新任务

[2026-03-16 04:30:01] === 自主学习触发 ===
[2026-03-16 04:30:01] 时段：游戏开发 (00:00-10:00)
[2026-03-15 20:30:01] 🎮 游戏开发时段
[2026-03-15 20:30:01] ✅ 游戏开发 v0.1-v0.16 已全部完成，等待新任务

[2026-03-16 04:45:01] === 自主学习触发 ===
[2026-03-16 04:45:01] 时段：游戏开发 (00:00-10:00)
[2026-03-15 20:45:01] 🎮 游戏开发时段
[2026-03-15 20:45:01] ✅ 游戏开发 v0.1-v0.16 已全部完成，等待新任务

[2026-03-16 05:00:01] === 自主学习触发 ===
[2026-03-16 05:00:01] 时段：游戏开发 (00:00-10:00)
[2026-03-15 21:00:01] 🎮 游戏开发时段
[2026-03-15 21:00:01] ✅ 游戏开发 v0.1-v0.16 已全部完成，等待新任务

[2026-03-16 05:15:01] === 自主学习触发 ===
[2026-03-16 05:15:01] 时段：游戏开发 (00:00-10:00)
[2026-03-15 21:15:01] 🎮 游戏开发时段
[2026-03-15 21:15:01] ✅ 游戏开发 v0.1-v0.16 已全部完成，等待新任务

[2026-03-16 05:30:01] === 自主学习触发 ===
[2026-03-16 05:30:01] 时段：游戏开发 (00:00-10:00)
[2026-03-15 21:30:01] 🎮 游戏开发时段
[2026-03-15 21:30:01] ✅ 游戏开发 v0.1-v0.16 已全部完成，等待新任务

[2026-03-16 05:45:01] === 自主学习触发 ===
[2026-03-16 05:45:01] 时段：游戏开发 (00:00-10:00)
[2026-03-15 21:45:01] 🎮 游戏开发时段
[2026-03-15 21:45:01] ✅ 游戏开发 v0.1-v0.16 已全部完成，等待新任务

[2026-03-16 06:00:01] === 自主学习触发 ===
[2026-03-16 06:00:01] 时段：游戏开发 (00:00-10:00)
[2026-03-15 22:00:01] 🎮 游戏开发时段
[2026-03-15 22:00:01] ✅ 游戏开发 v0.1-v0.16 已全部完成，等待新任务

[2026-03-16 06:15:01] === 自主学习触发 ===
[2026-03-16 06:15:01] 时段：游戏开发 (00:00-10:00)
[2026-03-15 22:15:01] 🎮 游戏开发时段
[2026-03-15 22:15:01] ✅ 游戏开发 v0.1-v0.16 已全部完成，等待新任务

[2026-03-16 06:30:01] === 自主学习触发 ===
[2026-03-16 06:30:01] 时段：游戏开发 (00:00-10:00)
[2026-03-15 22:30:01] 🎮 游戏开发时段
[2026-03-15 22:30:01] ✅ 游戏开发 v0.1-v0.16 已全部完成，等待新任务

[2026-03-16 06:45:01] === 自主学习触发 ===
[2026-03-16 06:45:01] 时段：游戏开发 (00:00-10:00)
[2026-03-15 22:45:01] 🎮 游戏开发时段
[2026-03-15 22:45:01] ✅ 游戏开发 v0.1-v0.16 已全部完成，等待新任务

[2026-03-16 07:00:01] === 自主学习触发 ===
[2026-03-16 07:00:01] 时段：游戏开发 (00:00-10:00)
[2026-03-15 23:00:01] 🎮 游戏开发时段
[2026-03-15 23:00:01] ✅ 游戏开发 v0.1-v0.16 已全部完成，等待新任务

[2026-03-16 07:15:01] === 自主学习触发 ===
[2026-03-16 07:15:01] 时段：游戏开发 (00:00-10:00)
[2026-03-15 23:15:01] 🎮 游戏开发时段
[2026-03-15 23:15:01] ✅ 游戏开发 v0.1-v0.16 已全部完成，等待新任务

[2026-03-16 07:30:01] === 自主学习触发 ===
[2026-03-16 07:30:01] 时段：游戏开发 (00:00-10:00)
[2026-03-15 23:30:01] 🎮 游戏开发时段
[2026-03-15 23:30:01] ✅ 游戏开发 v0.1-v0.16 已全部完成，等待新任务

[2026-03-16 07:45:01] === 自主学习触发 ===
[2026-03-16 07:45:01] 时段：游戏开发 (00:00-10:00)
[2026-03-15 23:45:01] 🎮 游戏开发时段
[2026-03-15 23:45:01] ✅ 游戏开发 v0.1-v0.16 已全部完成，等待新任务

[2026-03-16 08:00:01] === 自主学习触发 ===
[2026-03-16 08:00:01] 时段：游戏开发 (00:00-10:00)
[2026-03-16 00:00:01] 🎮 游戏开发时段
[2026-03-16 00:00:01] ✅ 游戏开发 v0.1-v0.16 已全部完成，等待新任务

[2026-03-16 08:15:01] === 自主学习触发 ===
[2026-03-16 08:15:01] 时段：游戏开发 (00:00-10:00)
[2026-03-16 00:15:01] 🎮 游戏开发时段
[2026-03-16 00:15:01] ✅ 游戏开发 v0.1-v0.16 已全部完成，等待新任务

[2026-03-16 08:30:01] === 自主学习触发 ===
[2026-03-16 08:30:01] 时段：游戏开发 (00:00-10:00)
[2026-03-16 00:30:01] 🎮 游戏开发时段
[2026-03-16 00:30:01] ✅ 游戏开发 v0.1-v0.16 已全部完成，等待新任务

[2026-03-16 08:45:01] === 自主学习触发 ===
[2026-03-16 08:45:01] 时段：游戏开发 (00:00-10:00)
[2026-03-16 00:45:01] 🎮 游戏开发时段
[2026-03-16 00:45:01] ✅ 游戏开发 v0.1-v0.16 已全部完成，等待新任务

[2026-03-16 09:00:01] === 自主学习触发 ===
[2026-03-16 09:00:01] 时段：游戏开发 (00:00-10:00)
[2026-03-16 01:00:01] 🎮 游戏开发时段
[2026-03-16 01:00:01] ✅ 游戏开发 v0.1-v0.16 已全部完成，等待新任务

[2026-03-16 09:15:01] === 自主学习触发 ===
[2026-03-16 09:15:01] 时段：游戏开发 (00:00-10:00)
[2026-03-16 01:15:01] 🎮 游戏开发时段
[2026-03-16 01:15:01] ✅ 游戏开发 v0.1-v0.16 已全部完成，等待新任务

[2026-03-16 09:30:01] === 自主学习触发 ===
[2026-03-16 09:30:01] 时段：游戏开发 (00:00-10:00)
[2026-03-16 01:30:01] 🎮 游戏开发时段
[2026-03-16 01:30:01] ✅ 游戏开发 v0.1-v0.16 已全部完成，等待新任务

[2026-03-16 09:45:01] === 自主学习触发 ===
[2026-03-16 09:45:01] 时段：游戏开发 (00:00-10:00)
[2026-03-16 01:45:01] 🎮 游戏开发时段
[2026-03-16 01:45:01] ✅ 游戏开发 v0.1-v0.16 已全部完成，等待新任务

[2026-03-16 10:00:01] === 自主学习触发 ===
[2026-03-16 10:00:01] 时段：量化交易 (10:00-20:00)
[2026-03-16 02:00:01] 📈 量化交易时段
[2026-03-16 02:00:01] 📝 执行 Stage 1 - 数据获取
[2026-03-16 02:00:01] ✅ Stage 1 标记为完成
[2026-03-16 02:00:01] 📝 执行 Stage 1b - 技术指标计算
[2026-03-16 02:00:01] ✅ Stage 1b 标记为完成
[2026-03-16 02:00:01] 📝 执行 Stage 2 - 策略回测引擎
[2026-03-16 02:00:01] ✅ 策略回测模块已创建
[2026-03-16 02:00:01] ✅ Stage 2 标记为完成
[2026-03-16 02:00:01] ✅ 学习状态已更新
[2026-03-16 02:00:01] === 自主学习完成 ===

[2026-03-16 10:15:01] === 自主学习触发 ===
[2026-03-16 10:15:01] 时段：量化交易 (10:00-20:00)
[2026-03-16 02:15:01] 📈 量化交易时段
[2026-03-16 02:15:01] ✅ 学习状态已更新
[2026-03-16 02:15:01] === 自主学习完成 ===

[2026-03-16 10:30:01] === 自主学习触发 ===
[2026-03-16 10:30:01] 时段：量化交易 (10:00-20:00)
[2026-03-16 02:30:01] 📈 量化交易时段
[2026-03-16 02:30:01] ✅ 学习状态已更新
[2026-03-16 02:30:01] === 自主学习完成 ===

[2026-03-16 10:45:01] === 自主学习触发 ===
[2026-03-16 10:45:01] 时段：量化交易 (10:00-20:00)
[2026-03-16 02:45:01] 📈 量化交易时段
[2026-03-16 02:45:01] ✅ 学习状态已更新
[2026-03-16 02:45:01] === 自主学习完成 ===

[2026-03-16 11:00:01] === 自主学习触发 ===
[2026-03-16 11:00:01] 时段：量化交易 (10:00-20:00)
[2026-03-16 03:00:01] 📈 量化交易时段
[2026-03-16 03:00:01] ✅ 学习状态已更新
[2026-03-16 03:00:01] === 自主学习完成 ===

[2026-03-16 11:15:01] === 自主学习触发 ===
[2026-03-16 11:15:01] 时段：量化交易 (10:00-20:00)
[2026-03-16 03:15:01] 📈 量化交易时段
[2026-03-16 03:15:01] ✅ 学习状态已更新
[2026-03-16 03:15:01] === 自主学习完成 ===

[2026-03-16 11:30:01] === 自主学习触发 ===
[2026-03-16 11:30:01] 时段：量化交易 (10:00-20:00)
[2026-03-16 03:30:01] 📈 量化交易时段
[2026-03-16 03:30:01] ✅ 学习状态已更新
[2026-03-16 03:30:01] === 自主学习完成 ===

[2026-03-16 11:45:01] === 自主学习触发 ===
[2026-03-16 11:45:01] 时段：量化交易 (10:00-20:00)
[2026-03-16 03:45:01] 📈 量化交易时段
[2026-03-16 03:45:01] ✅ 学习状态已更新
[2026-03-16 03:45:01] === 自主学习完成 ===

[2026-03-16 12:00:01] === 自主学习触发 ===
[2026-03-16 12:00:01] 时段：量化交易 (10:00-20:00)
[2026-03-16 04:00:01] 📈 量化交易时段
[2026-03-16 04:00:01] ✅ 学习状态已更新
[2026-03-16 04:00:01] === 自主学习完成 ===

[2026-03-16 12:15:01] === 自主学习触发 ===
[2026-03-16 12:15:01] 时段：量化交易 (10:00-20:00)
[2026-03-16 04:15:01] 📈 量化交易时段
[2026-03-16 04:15:01] ✅ 学习状态已更新
[2026-03-16 04:15:01] === 自主学习完成 ===

[2026-03-16 12:30:01] === 自主学习触发 ===
[2026-03-16 12:30:01] 时段：量化交易 (10:00-20:00)
[2026-03-16 04:30:01] 📈 量化交易时段
[2026-03-16 04:30:01] ✅ 学习状态已更新
[2026-03-16 04:30:01] === 自主学习完成 ===

[2026-03-16 12:45:01] === 自主学习触发 ===
[2026-03-16 12:45:01] 时段：量化交易 (10:00-20:00)
[2026-03-16 04:45:01] 📈 量化交易时段
[2026-03-16 04:45:01] ✅ 学习状态已更新
[2026-03-16 04:45:01] === 自主学习完成 ===

[2026-03-16 13:00:01] === 自主学习触发 ===
[2026-03-16 13:00:01] 时段：量化交易 (10:00-20:00)
[2026-03-16 05:00:01] 📈 量化交易时段
[2026-03-16 05:00:01] ✅ 学习状态已更新
[2026-03-16 05:00:01] === 自主学习完成 ===

[2026-03-16 13:15:01] === 自主学习触发 ===
[2026-03-16 13:15:01] 时段：量化交易 (10:00-20:00)
[2026-03-16 05:15:01] 📈 量化交易时段
[2026-03-16 05:15:01] ✅ 学习状态已更新
[2026-03-16 05:15:01] === 自主学习完成 ===

[2026-03-16 13:30:01] === 自主学习触发 ===
[2026-03-16 13:30:01] 时段：量化交易 (10:00-20:00)
[2026-03-16 05:30:01] 📈 量化交易时段
[2026-03-16 05:30:01] ✅ 学习状态已更新
[2026-03-16 05:30:01] === 自主学习完成 ===

[2026-03-16 13:45:01] === 自主学习触发 ===
[2026-03-16 13:45:01] 时段：量化交易 (10:00-20:00)
[2026-03-16 05:45:01] 📈 量化交易时段
[2026-03-16 05:45:01] ✅ 学习状态已更新
[2026-03-16 05:45:01] === 自主学习完成 ===

[2026-03-16 14:00:01] === 自主学习触发 ===
[2026-03-16 14:00:01] 时段：量化交易 (10:00-20:00)
[2026-03-16 06:00:01] 📈 量化交易时段
[2026-03-16 06:00:01] ✅ 学习状态已更新
[2026-03-16 06:00:01] === 自主学习完成 ===

[2026-03-16 14:15:01] === 自主学习触发 ===
[2026-03-16 14:15:01] 时段：量化交易 (10:00-20:00)
[2026-03-16 06:15:01] 📈 量化交易时段
[2026-03-16 06:15:01] ✅ 学习状态已更新
[2026-03-16 06:15:01] === 自主学习完成 ===

[2026-03-16 14:30:01] === 自主学习触发 ===
[2026-03-16 14:30:01] 时段：量化交易 (10:00-20:00)
[2026-03-16 06:30:01] 📈 量化交易时段
[2026-03-16 06:30:01] ✅ 学习状态已更新
[2026-03-16 06:30:01] === 自主学习完成 ===

[2026-03-16 14:45:01] === 自主学习触发 ===
[2026-03-16 14:45:01] 时段：量化交易 (10:00-20:00)
[2026-03-16 06:45:01] 📈 量化交易时段
[2026-03-16 06:45:01] ✅ 学习状态已更新
[2026-03-16 06:45:01] === 自主学习完成 ===

[2026-03-16 15:00:01] === 自主学习触发 ===
[2026-03-16 15:00:01] 时段：量化交易 (10:00-20:00)
[2026-03-16 07:00:01] 📈 量化交易时段
[2026-03-16 07:00:01] ✅ 学习状态已更新
[2026-03-16 07:00:01] === 自主学习完成 ===

[2026-03-16 15:15:01] === 自主学习触发 ===
[2026-03-16 15:15:01] 时段：量化交易 (10:00-20:00)
[2026-03-16 07:15:01] 📈 量化交易时段
[2026-03-16 07:15:01] ✅ 学习状态已更新
[2026-03-16 07:15:01] === 自主学习完成 ===

[2026-03-16 15:30:01] === 自主学习触发 ===
[2026-03-16 15:30:01] 时段：量化交易 (10:00-20:00)
[2026-03-16 07:30:01] 📈 量化交易时段
[2026-03-16 07:30:01] ✅ 学习状态已更新
[2026-03-16 07:30:01] === 自主学习完成 ===

[2026-03-16 15:45:01] === 自主学习触发 ===
[2026-03-16 15:45:01] 时段：量化交易 (10:00-20:00)
[2026-03-16 07:45:01] 📈 量化交易时段
[2026-03-16 07:45:01] ✅ 学习状态已更新
[2026-03-16 07:45:01] === 自主学习完成 ===

[2026-03-16 16:00:01] === 自主学习触发 ===
[2026-03-16 16:00:01] 时段：量化交易 (10:00-20:00)
[2026-03-16 08:00:01] 📈 量化交易时段
[2026-03-16 08:00:01] ✅ 学习状态已更新
[2026-03-16 08:00:01] === 自主学习完成 ===

[2026-03-16 16:15:01] === 自主学习触发 ===
[2026-03-16 16:15:01] 时段：量化交易 (10:00-20:00)
[2026-03-16 08:15:01] 📈 量化交易时段
[2026-03-16 08:15:01] ✅ 学习状态已更新
[2026-03-16 08:15:01] === 自主学习完成 ===

[2026-03-16 16:30:01] === 自主学习触发 ===
[2026-03-16 16:30:01] 时段：量化交易 (10:00-20:00)
[2026-03-16 08:30:01] 📈 量化交易时段
[2026-03-16 08:30:01] ✅ 学习状态已更新
[2026-03-16 08:30:01] === 自主学习完成 ===

[2026-03-16 16:45:01] === 自主学习触发 ===
[2026-03-16 16:45:01] 时段：量化交易 (10:00-20:00)
[2026-03-16 08:45:01] 📈 量化交易时段
[2026-03-16 08:45:01] ✅ 学习状态已更新
[2026-03-16 08:45:01] === 自主学习完成 ===

[2026-03-16 17:00:01] === 自主学习触发 ===
[2026-03-16 17:00:01] 时段：量化交易 (10:00-20:00)
[2026-03-16 09:00:01] 📈 量化交易时段
[2026-03-16 09:00:01] ✅ 学习状态已更新
[2026-03-16 09:00:01] === 自主学习完成 ===

[2026-03-16 17:15:01] === 自主学习触发 ===
[2026-03-16 17:15:01] 时段：量化交易 (10:00-20:00)
[2026-03-16 09:15:01] 📈 量化交易时段
[2026-03-16 09:15:01] ✅ 学习状态已更新
[2026-03-16 09:15:01] === 自主学习完成 ===

[2026-03-16 17:30:01] === 自主学习触发 ===
[2026-03-16 17:30:01] 时段：量化交易 (10:00-20:00)
[2026-03-16 09:30:01] 📈 量化交易时段
[2026-03-16 09:30:01] ✅ 学习状态已更新
[2026-03-16 09:30:01] === 自主学习完成 ===

[2026-03-16 17:45:01] === 自主学习触发 ===
[2026-03-16 17:45:01] 时段：量化交易 (10:00-20:00)
[2026-03-16 09:45:01] 📈 量化交易时段
[2026-03-16 09:45:01] ✅ 学习状态已更新
[2026-03-16 09:45:01] === 自主学习完成 ===

[2026-03-16 18:00:01] === 自主学习触发 ===
[2026-03-16 18:00:01] 时段：量化交易 (10:00-20:00)
[2026-03-16 10:00:01] 📈 量化交易时段
[2026-03-16 10:00:01] ✅ 学习状态已更新
[2026-03-16 10:00:01] === 自主学习完成 ===

[2026-03-16 18:15:01] === 自主学习触发 ===
[2026-03-16 18:15:01] 时段：量化交易 (10:00-20:00)
[2026-03-16 10:15:01] 📈 量化交易时段
[2026-03-16 10:15:01] ✅ 学习状态已更新
[2026-03-16 10:15:01] === 自主学习完成 ===

[2026-03-16 18:30:01] === 自主学习触发 ===
[2026-03-16 18:30:01] 时段：量化交易 (10:00-20:00)
[2026-03-16 10:30:01] 📈 量化交易时段
[2026-03-16 10:30:01] ✅ 学习状态已更新
[2026-03-16 10:30:01] === 自主学习完成 ===

[2026-03-16 18:45:01] === 自主学习触发 ===
[2026-03-16 18:45:01] 时段：量化交易 (10:00-20:00)
[2026-03-16 10:45:01] 📈 量化交易时段
[2026-03-16 10:45:01] ✅ 学习状态已更新
[2026-03-16 10:45:01] === 自主学习完成 ===

[2026-03-16 19:00:01] === 自主学习触发 ===
[2026-03-16 19:00:01] 时段：量化交易 (10:00-20:00)
[2026-03-16 11:00:01] 📈 量化交易时段
[2026-03-16 11:00:01] ✅ 学习状态已更新
[2026-03-16 11:00:01] === 自主学习完成 ===

[2026-03-16 19:15:01] === 自主学习触发 ===
[2026-03-16 19:15:01] 时段：量化交易 (10:00-20:00)
[2026-03-16 11:15:01] 📈 量化交易时段
[2026-03-16 11:15:01] ✅ 学习状态已更新
[2026-03-16 11:15:01] === 自主学习完成 ===

[2026-03-16 19:30:01] === 自主学习触发 ===
[2026-03-16 19:30:01] 时段：量化交易 (10:00-20:00)
[2026-03-16 11:30:01] 📈 量化交易时段
[2026-03-16 11:30:01] ✅ 学习状态已更新
[2026-03-16 11:30:01] === 自主学习完成 ===

[2026-03-16 19:45:01] === 自主学习触发 ===
[2026-03-16 19:45:01] 时段：量化交易 (10:00-20:00)
[2026-03-16 11:45:01] 📈 量化交易时段
[2026-03-16 11:45:01] ✅ 学习状态已更新
[2026-03-16 11:45:01] === 自主学习完成 ===

[2026-03-16 20:00:01] === 自主学习触发 ===
[2026-03-16 20:00:01] 时段：总结提升 (20:00-24:00)
[2026-03-16 12:00:01] 🧬 总结提升时段
[2026-03-16 12:00:01] 📝 整理今日学习内容...
[2026-03-16 12:00:01] === 自主学习完成 ===

[2026-03-16 20:15:01] === 自主学习触发 ===
[2026-03-16 20:15:01] 时段：总结提升 (20:00-24:00)
[2026-03-16 12:15:01] 🧬 总结提升时段
[2026-03-16 12:15:01] 📝 整理今日学习内容...
[2026-03-16 12:15:01] === 自主学习完成 ===

[2026-03-16 20:30:01] === 自主学习触发 ===
[2026-03-16 20:30:01] 时段：总结提升 (20:00-24:00)
[2026-03-16 12:30:01] 🧬 总结提升时段
[2026-03-16 12:30:01] 📝 整理今日学习内容...
[2026-03-16 12:30:01] === 自主学习完成 ===

[2026-03-16 20:45:01] === 自主学习触发 ===
[2026-03-16 20:45:01] 时段：总结提升 (20:00-24:00)
[2026-03-16 12:45:01] 🧬 总结提升时段
[2026-03-16 12:45:01] 📝 整理今日学习内容...
[2026-03-16 12:45:01] === 自主学习完成 ===

[2026-03-16 21:00:01] === 自主学习触发 ===
[2026-03-16 21:00:01] 时段：总结提升 (20:00-24:00)
[2026-03-16 13:00:01] 🧬 总结提升时段
[2026-03-16 13:00:01] 📝 整理今日学习内容...
[2026-03-16 13:00:01] === 自主学习完成 ===

[2026-03-16 21:15:01] === 自主学习触发 ===
[2026-03-16 21:15:01] 时段：总结提升 (20:00-24:00)
[2026-03-16 13:15:01] 🧬 总结提升时段
[2026-03-16 13:15:01] 📝 整理今日学习内容...
[2026-03-16 13:15:01] === 自主学习完成 ===

[2026-03-16 21:30:01] === 自主学习触发 ===
[2026-03-16 21:30:01] 时段：总结提升 (20:00-24:00)
[2026-03-16 13:30:01] 🧬 总结提升时段
[2026-03-16 13:30:01] 📝 整理今日学习内容...
[2026-03-16 13:30:01] === 自主学习完成 ===

[2026-03-16 21:45:01] === 自主学习触发 ===
[2026-03-16 21:45:01] 时段：总结提升 (20:00-24:00)
[2026-03-16 13:45:01] 🧬 总结提升时段
[2026-03-16 13:45:01] 📝 整理今日学习内容...
[2026-03-16 13:45:01] === 自主学习完成 ===

[2026-03-16 22:00:01] === 自主学习触发 ===
[2026-03-16 22:00:01] 时段：总结提升 (20:00-24:00)
[2026-03-16 14:00:01] 🧬 总结提升时段
[2026-03-16 14:00:01] ⏰ 22:00+，应该生成每日进化报告
[2026-03-16 14:00:01] === 自主学习完成 ===

[2026-03-16 22:15:01] === 自主学习触发 ===
[2026-03-16 22:15:01] 时段：总结提升 (20:00-24:00)
[2026-03-16 14:15:01] 🧬 总结提升时段
[2026-03-16 14:15:01] ⏰ 22:00+，应该生成每日进化报告
[2026-03-16 14:15:01] === 自主学习完成 ===

[2026-03-16 22:30:01] === 自主学习触发 ===
[2026-03-16 22:30:01] 时段：总结提升 (20:00-24:00)
[2026-03-16 14:30:01] 🧬 总结提升时段
[2026-03-16 14:30:01] ⏰ 22:00+，应该生成每日进化报告
[2026-03-16 14:30:01] === 自主学习完成 ===

[2026-03-16 22:45:01] === 自主学习触发 ===
[2026-03-16 22:45:01] 时段：总结提升 (20:00-24:00)
[2026-03-16 14:45:01] 🧬 总结提升时段
[2026-03-16 14:45:01] ⏰ 22:00+，应该生成每日进化报告
[2026-03-16 14:45:01] === 自主学习完成 ===

[2026-03-16 23:00:01] === 自主学习触发 ===
[2026-03-16 23:00:01] 时段：总结提升 (20:00-24:00)
[2026-03-16 15:00:01] 🧬 总结提升时段
[2026-03-16 15:00:01] ⏰ 22:00+，应该生成每日进化报告
[2026-03-16 15:00:01] === 自主学习完成 ===

[2026-03-16 23:15:01] === 自主学习触发 ===
[2026-03-16 23:15:01] 时段：总结提升 (20:00-24:00)
[2026-03-16 15:15:01] 🧬 总结提升时段
[2026-03-16 15:15:01] ⏰ 22:00+，应该生成每日进化报告
[2026-03-16 15:15:01] === 自主学习完成 ===

[2026-03-16 23:30:01] === 自主学习触发 ===
[2026-03-16 23:30:01] 时段：总结提升 (20:00-24:00)
[2026-03-16 15:30:01] 🧬 总结提升时段
[2026-03-16 15:30:01] ⏰ 22:00+，应该生成每日进化报告
[2026-03-16 15:30:01] === 自主学习完成 ===

[2026-03-16 23:45:01] === 自主学习触发 ===
[2026-03-16 23:45:01] 时段：总结提升 (20:00-24:00)
[2026-03-16 15:45:01] 🧬 总结提升时段
[2026-03-16 15:45:01] ⏰ 22:00+，应该生成每日进化报告
[2026-03-16 15:45:01] === 自主学习完成 ===

[2026-03-17 00:00:01] === 自主学习触发 ===
[2026-03-17 00:00:01] 时段：游戏开发 (00:00-10:00)
[2026-03-16 16:00:01] 🎮 游戏开发时段
[2026-03-16 16:00:01] ✅ 游戏开发 v0.1-v0.16 已全部完成，等待新任务

[2026-03-17 00:15:01] === 自主学习触发 ===
[2026-03-17 00:15:01] 时段：游戏开发 (00:00-10:00)
[2026-03-16 16:15:01] 🎮 游戏开发时段
[2026-03-16 16:15:01] ✅ 游戏开发 v0.1-v0.16 已全部完成，等待新任务

[2026-03-17 00:30:01] === 自主学习触发 ===
[2026-03-17 00:30:01] 时段：游戏开发 (00:00-10:00)
[2026-03-16 16:30:01] 🎮 游戏开发时段
[2026-03-16 16:30:01] ✅ 游戏开发 v0.1-v0.16 已全部完成，等待新任务

[2026-03-17 00:45:01] === 自主学习触发 ===
[2026-03-17 00:45:01] 时段：游戏开发 (00:00-10:00)
[2026-03-16 16:45:01] 🎮 游戏开发时段
[2026-03-16 16:45:01] ✅ 游戏开发 v0.1-v0.16 已全部完成，等待新任务

[2026-03-17 01:00:01] === 自主学习触发 ===
[2026-03-17 01:00:01] 时段：游戏开发 (00:00-10:00)
[2026-03-16 17:00:01] 🎮 游戏开发时段
[2026-03-16 17:00:01] ✅ 游戏开发 v0.1-v0.16 已全部完成，等待新任务

[2026-03-17 01:15:01] === 自主学习触发 ===
[2026-03-17 01:15:01] 时段：游戏开发 (00:00-10:00)
[2026-03-16 17:15:01] 🎮 游戏开发时段
[2026-03-16 17:15:01] ✅ 游戏开发 v0.1-v0.16 已全部完成，等待新任务

[2026-03-17 01:30:01] === 自主学习触发 ===
[2026-03-17 01:30:01] 时段：游戏开发 (00:00-10:00)
[2026-03-16 17:30:01] 🎮 游戏开发时段
[2026-03-16 17:30:01] ✅ 游戏开发 v0.1-v0.16 已全部完成，等待新任务

[2026-03-17 01:45:01] === 自主学习触发 ===
[2026-03-17 01:45:01] 时段：游戏开发 (00:00-10:00)
[2026-03-16 17:45:01] 🎮 游戏开发时段
[2026-03-16 17:45:01] ✅ 游戏开发 v0.1-v0.16 已全部完成，等待新任务

[2026-03-17 02:00:01] === 自主学习触发 ===
[2026-03-17 02:00:01] 时段：游戏开发 (00:00-10:00)
[2026-03-16 18:00:01] 🎮 游戏开发时段
[2026-03-16 18:00:01] ✅ 游戏开发 v0.1-v0.16 已全部完成，等待新任务

[2026-03-17 02:15:01] === 自主学习触发 ===
[2026-03-17 02:15:01] 时段：游戏开发 (00:00-10:00)
[2026-03-16 18:15:01] 🎮 游戏开发时段
[2026-03-16 18:15:01] ✅ 游戏开发 v0.1-v0.16 已全部完成，等待新任务

[2026-03-17 02:30:01] === 自主学习触发 ===
[2026-03-17 02:30:01] 时段：游戏开发 (00:00-10:00)
[2026-03-16 18:30:01] 🎮 游戏开发时段
[2026-03-16 18:30:01] ✅ 游戏开发 v0.1-v0.16 已全部完成，等待新任务

[2026-03-17 02:45:01] === 自主学习触发 ===
[2026-03-17 02:45:01] 时段：游戏开发 (00:00-10:00)
[2026-03-16 18:45:01] 🎮 游戏开发时段
[2026-03-16 18:45:01] ✅ 游戏开发 v0.1-v0.16 已全部完成，等待新任务

[2026-03-17 03:00:01] === 自主学习触发 ===
[2026-03-17 03:00:01] 时段：游戏开发 (00:00-10:00)
[2026-03-16 19:00:01] 🎮 游戏开发时段
[2026-03-16 19:00:01] ✅ 游戏开发 v0.1-v0.16 已全部完成，等待新任务

[2026-03-17 03:15:01] === 自主学习触发 ===
[2026-03-17 03:15:01] 时段：游戏开发 (00:00-10:00)
[2026-03-16 19:15:01] 🎮 游戏开发时段
[2026-03-16 19:15:01] ✅ 游戏开发 v0.1-v0.16 已全部完成，等待新任务

[2026-03-17 03:30:01] === 自主学习触发 ===
[2026-03-17 03:30:01] 时段：游戏开发 (00:00-10:00)
[2026-03-16 19:30:01] 🎮 游戏开发时段
[2026-03-16 19:30:01] ✅ 游戏开发 v0.1-v0.16 已全部完成，等待新任务

[2026-03-17 03:45:01] === 自主学习触发 ===
[2026-03-17 03:45:01] 时段：游戏开发 (00:00-10:00)
[2026-03-16 19:45:01] 🎮 游戏开发时段
[2026-03-16 19:45:01] ✅ 游戏开发 v0.1-v0.16 已全部完成，等待新任务

[2026-03-17 04:00:01] === 自主学习触发 ===
[2026-03-17 04:00:01] 时段：游戏开发 (00:00-10:00)
[2026-03-16 20:00:01] 🎮 游戏开发时段
[2026-03-16 20:00:01] ✅ 游戏开发 v0.1-v0.16 已全部完成，等待新任务

[2026-03-17 04:15:01] === 自主学习触发 ===
[2026-03-17 04:15:01] 时段：游戏开发 (00:00-10:00)
[2026-03-16 20:15:01] 🎮 游戏开发时段
[2026-03-16 20:15:01] ✅ 游戏开发 v0.1-v0.16 已全部完成，等待新任务

[2026-03-17 04:30:01] === 自主学习触发 ===
[2026-03-17 04:30:01] 时段：游戏开发 (00:00-10:00)
[2026-03-16 20:30:01] 🎮 游戏开发时段
[2026-03-16 20:30:01] ✅ 游戏开发 v0.1-v0.16 已全部完成，等待新任务

[2026-03-17 04:45:01] === 自主学习触发 ===
[2026-03-17 04:45:01] 时段：游戏开发 (00:00-10:00)
[2026-03-16 20:45:01] 🎮 游戏开发时段
[2026-03-16 20:45:01] ✅ 游戏开发 v0.1-v0.16 已全部完成，等待新任务

[2026-03-17 05:00:01] === 自主学习触发 ===
[2026-03-17 05:00:01] 时段：游戏开发 (00:00-10:00)
[2026-03-16 21:00:01] 🎮 游戏开发时段
[2026-03-16 21:00:01] ✅ 游戏开发 v0.1-v0.16 已全部完成，等待新任务

[2026-03-17 05:15:01] === 自主学习触发 ===
[2026-03-17 05:15:01] 时段：游戏开发 (00:00-10:00)
[2026-03-16 21:15:01] 🎮 游戏开发时段
[2026-03-16 21:15:01] ✅ 游戏开发 v0.1-v0.16 已全部完成，等待新任务

[2026-03-17 05:30:01] === 自主学习触发 ===
[2026-03-17 05:30:01] 时段：游戏开发 (00:00-10:00)
[2026-03-16 21:30:01] 🎮 游戏开发时段
[2026-03-16 21:30:01] ✅ 游戏开发 v0.1-v0.16 已全部完成，等待新任务

[2026-03-17 05:45:01] === 自主学习触发 ===
[2026-03-17 05:45:01] 时段：游戏开发 (00:00-10:00)
[2026-03-16 21:45:01] 🎮 游戏开发时段
[2026-03-16 21:45:01] ✅ 游戏开发 v0.1-v0.16 已全部完成，等待新任务

[2026-03-17 06:00:01] === 自主学习触发 ===
[2026-03-17 06:00:01] 时段：游戏开发 (00:00-10:00)
[2026-03-16 22:00:01] 🎮 游戏开发时段
[2026-03-16 22:00:01] ✅ 游戏开发 v0.1-v0.16 已全部完成，等待新任务

[2026-03-17 06:15:01] === 自主学习触发 ===
[2026-03-17 06:15:01] 时段：游戏开发 (00:00-10:00)
[2026-03-16 22:15:01] 🎮 游戏开发时段
[2026-03-16 22:15:01] ✅ 游戏开发 v0.1-v0.16 已全部完成，等待新任务

[2026-03-17 06:30:01] === 自主学习触发 ===
[2026-03-17 06:30:01] 时段：游戏开发 (00:00-10:00)
[2026-03-16 22:30:01] 🎮 游戏开发时段
[2026-03-16 22:30:01] ✅ 游戏开发 v0.1-v0.16 已全部完成，等待新任务

[2026-03-17 06:45:01] === 自主学习触发 ===
[2026-03-17 06:45:01] 时段：游戏开发 (00:00-10:00)
[2026-03-16 22:45:01] 🎮 游戏开发时段
[2026-03-16 22:45:01] ✅ 游戏开发 v0.1-v0.16 已全部完成，等待新任务

[2026-03-17 07:00:01] === 自主学习触发 ===
[2026-03-17 07:00:01] 时段：游戏开发 (00:00-10:00)
[2026-03-16 23:00:01] 🎮 游戏开发时段
[2026-03-16 23:00:01] ✅ 游戏开发 v0.1-v0.16 已全部完成，等待新任务

[2026-03-17 07:15:01] === 自主学习触发 ===
[2026-03-17 07:15:01] 时段：游戏开发 (00:00-10:00)
[2026-03-16 23:15:01] 🎮 游戏开发时段
[2026-03-16 23:15:01] ✅ 游戏开发 v0.1-v0.16 已全部完成，等待新任务

[2026-03-17 07:30:01] === 自主学习触发 ===
[2026-03-17 07:30:01] 时段：游戏开发 (00:00-10:00)
[2026-03-16 23:30:01] 🎮 游戏开发时段
[2026-03-16 23:30:01] ✅ 游戏开发 v0.1-v0.16 已全部完成，等待新任务

[2026-03-17 07:45:01] === 自主学习触发 ===
[2026-03-17 07:45:01] 时段：游戏开发 (00:00-10:00)
[2026-03-16 23:45:01] 🎮 游戏开发时段
[2026-03-16 23:45:01] ✅ 游戏开发 v0.1-v0.16 已全部完成，等待新任务

[2026-03-17 08:00:01] === 自主学习触发 ===
[2026-03-17 08:00:01] 时段：游戏开发 (00:00-10:00)
[2026-03-17 00:00:01] 🎮 游戏开发时段
[2026-03-17 00:00:01] ✅ 游戏开发 v0.1-v0.16 已全部完成，等待新任务

[2026-03-17 08:15:01] === 自主学习触发 ===
[2026-03-17 08:15:01] 时段：游戏开发 (00:00-10:00)
[2026-03-17 00:15:01] 🎮 游戏开发时段
[2026-03-17 00:15:01] ✅ 游戏开发 v0.1-v0.16 已全部完成，等待新任务

[2026-03-17 08:30:01] === 自主学习触发 ===
[2026-03-17 08:30:01] 时段：游戏开发 (00:00-10:00)
[2026-03-17 00:30:01] 🎮 游戏开发时段
[2026-03-17 00:30:01] ✅ 游戏开发 v0.1-v0.16 已全部完成，等待新任务

[2026-03-17 08:45:01] === 自主学习触发 ===
[2026-03-17 08:45:01] 时段：游戏开发 (00:00-10:00)
[2026-03-17 00:45:01] 🎮 游戏开发时段
[2026-03-17 00:45:01] ✅ 游戏开发 v0.1-v0.16 已全部完成，等待新任务

[2026-03-17 09:00:01] === 自主学习触发 ===
[2026-03-17 09:00:01] 时段：游戏开发 (00:00-10:00)
[2026-03-17 01:00:01] 🎮 游戏开发时段
[2026-03-17 01:00:01] ✅ 游戏开发 v0.1-v0.16 已全部完成，等待新任务

[2026-03-17 09:15:01] === 自主学习触发 ===
[2026-03-17 09:15:01] 时段：游戏开发 (00:00-10:00)
[2026-03-17 01:15:01] 🎮 游戏开发时段
[2026-03-17 01:15:01] ✅ 游戏开发 v0.1-v0.16 已全部完成，等待新任务

[2026-03-17 09:30:01] === 自主学习触发 ===
[2026-03-17 09:30:01] 时段：游戏开发 (00:00-10:00)
[2026-03-17 01:30:01] 🎮 游戏开发时段
[2026-03-17 01:30:01] ✅ 游戏开发 v0.1-v0.16 已全部完成，等待新任务

[2026-03-17 09:45:01] === 自主学习触发 ===
[2026-03-17 09:45:01] 时段：游戏开发 (00:00-10:00)
[2026-03-17 01:45:01] 🎮 游戏开发时段
[2026-03-17 01:45:01] ✅ 游戏开发 v0.1-v0.16 已全部完成，等待新任务

[2026-03-17 10:00:01] === 自主学习触发 ===
[2026-03-17 10:00:01] 时段：量化交易 (10:00-20:00)
[2026-03-17 02:00:01] 📈 量化交易时段
[2026-03-17 02:00:01] ✅ 学习状态已更新
[2026-03-17 02:00:01] === 自主学习完成 ===

[2026-03-17 10:15:01] === 自主学习触发 ===
[2026-03-17 10:15:01] 时段：量化交易 (10:00-20:00)
[2026-03-17 02:15:01] 📈 量化交易时段
[2026-03-17 02:15:01] ✅ 学习状态已更新
[2026-03-17 02:15:01] === 自主学习完成 ===

[2026-03-17 10:30:01] === 自主学习触发 ===
[2026-03-17 10:30:01] 时段：量化交易 (10:00-20:00)
[2026-03-17 02:30:01] 📈 量化交易时段
[2026-03-17 02:30:01] ✅ 学习状态已更新
[2026-03-17 02:30:01] === 自主学习完成 ===

[2026-03-17 10:45:01] === 自主学习触发 ===
[2026-03-17 10:45:01] 时段：量化交易 (10:00-20:00)
[2026-03-17 02:45:01] 📈 量化交易时段
[2026-03-17 02:45:01] ✅ 学习状态已更新
[2026-03-17 02:45:01] === 自主学习完成 ===

[2026-03-17 11:00:01] === 自主学习触发 ===
[2026-03-17 11:00:01] 时段：量化交易 (10:00-20:00)
[2026-03-17 03:00:01] 📈 量化交易时段
[2026-03-17 03:00:01] ✅ 学习状态已更新
[2026-03-17 03:00:01] === 自主学习完成 ===

[2026-03-17 11:15:01] === 自主学习触发 ===
[2026-03-17 11:15:01] 时段：量化交易 (10:00-20:00)
[2026-03-17 03:15:01] 📈 量化交易时段
[2026-03-17 03:15:01] ✅ 学习状态已更新
[2026-03-17 03:15:01] === 自主学习完成 ===

[2026-03-17 11:30:01] === 自主学习触发 ===
[2026-03-17 11:30:01] 时段：量化交易 (10:00-20:00)
[2026-03-17 03:30:01] 📈 量化交易时段
[2026-03-17 03:30:01] ✅ 学习状态已更新
[2026-03-17 03:30:01] === 自主学习完成 ===

[2026-03-17 11:45:01] === 自主学习触发 ===
[2026-03-17 11:45:01] 时段：量化交易 (10:00-20:00)
[2026-03-17 03:45:01] 📈 量化交易时段
[2026-03-17 03:45:01] ✅ 学习状态已更新
[2026-03-17 03:45:01] === 自主学习完成 ===

[2026-03-17 12:00:01] === 自主学习触发 ===
[2026-03-17 12:00:01] 时段：量化交易 (10:00-20:00)
[2026-03-17 04:00:01] 📈 量化交易时段
[2026-03-17 04:00:01] ✅ 学习状态已更新
[2026-03-17 04:00:01] === 自主学习完成 ===

[2026-03-17 12:15:01] === 自主学习触发 ===
[2026-03-17 12:15:01] 时段：量化交易 (10:00-20:00)
[2026-03-17 04:15:01] 📈 量化交易时段
[2026-03-17 04:15:01] ✅ 学习状态已更新
[2026-03-17 04:15:01] === 自主学习完成 ===

[2026-03-17 12:30:01] === 自主学习触发 ===
[2026-03-17 12:30:01] 时段：量化交易 (10:00-20:00)
[2026-03-17 04:30:01] 📈 量化交易时段
[2026-03-17 04:30:01] ✅ 学习状态已更新
[2026-03-17 04:30:01] === 自主学习完成 ===

[2026-03-17 12:45:01] === 自主学习触发 ===
[2026-03-17 12:45:01] 时段：量化交易 (10:00-20:00)
[2026-03-17 04:45:01] 📈 量化交易时段
[2026-03-17 04:45:01] ✅ 学习状态已更新
[2026-03-17 04:45:01] === 自主学习完成 ===

[2026-03-17 13:00:01] === 自主学习触发 ===
[2026-03-17 13:00:01] 时段：量化交易 (10:00-20:00)
[2026-03-17 05:00:01] 📈 量化交易时段
[2026-03-17 05:00:01] ✅ 学习状态已更新
[2026-03-17 05:00:01] === 自主学习完成 ===

[2026-03-17 13:15:01] === 自主学习触发 ===
[2026-03-17 13:15:01] 时段：量化交易 (10:00-20:00)
[2026-03-17 05:15:01] 📈 量化交易时段
[2026-03-17 05:15:01] ✅ 学习状态已更新
[2026-03-17 05:15:01] === 自主学习完成 ===

[2026-03-17 13:30:01] === 自主学习触发 ===
[2026-03-17 13:30:01] 时段：量化交易 (10:00-20:00)
[2026-03-17 05:30:01] 📈 量化交易时段
[2026-03-17 05:30:01] ✅ 学习状态已更新
[2026-03-17 05:30:01] === 自主学习完成 ===

[2026-03-17 13:45:01] === 自主学习触发 ===
[2026-03-17 13:45:01] 时段：量化交易 (10:00-20:00)
[2026-03-17 05:45:01] 📈 量化交易时段
[2026-03-17 05:45:01] ✅ 学习状态已更新
[2026-03-17 05:45:01] === 自主学习完成 ===

[2026-03-17 14:00:01] === 自主学习触发 ===
[2026-03-17 14:00:01] 时段：量化交易 (10:00-20:00)
[2026-03-17 06:00:01] 📈 量化交易时段
[2026-03-17 06:00:01] ✅ 学习状态已更新
[2026-03-17 06:00:01] === 自主学习完成 ===

[2026-03-17 14:15:01] === 自主学习触发 ===
[2026-03-17 14:15:01] 时段：量化交易 (10:00-20:00)
[2026-03-17 06:15:01] 📈 量化交易时段
[2026-03-17 06:15:01] ✅ 学习状态已更新
[2026-03-17 06:15:01] === 自主学习完成 ===

[2026-03-17 14:30:01] === 自主学习触发 ===
[2026-03-17 14:30:01] 时段：量化交易 (10:00-20:00)
[2026-03-17 06:30:01] 📈 量化交易时段
[2026-03-17 06:30:01] ✅ 学习状态已更新
[2026-03-17 06:30:01] === 自主学习完成 ===

[2026-03-17 14:45:01] === 自主学习触发 ===
[2026-03-17 14:45:01] 时段：量化交易 (10:00-20:00)
[2026-03-17 06:45:01] 📈 量化交易时段
[2026-03-17 06:45:01] ✅ 学习状态已更新
[2026-03-17 06:45:01] === 自主学习完成 ===

[2026-03-17 15:00:01] === 自主学习触发 ===
[2026-03-17 15:00:01] 时段：量化交易 (10:00-20:00)
[2026-03-17 07:00:01] 📈 量化交易时段
[2026-03-17 07:00:01] ✅ 学习状态已更新
[2026-03-17 07:00:01] === 自主学习完成 ===

[2026-03-17 15:15:01] === 自主学习触发 ===
[2026-03-17 15:15:01] 时段：量化交易 (10:00-20:00)
[2026-03-17 07:15:01] 📈 量化交易时段
[2026-03-17 07:15:01] ✅ 学习状态已更新
[2026-03-17 07:15:01] === 自主学习完成 ===

[2026-03-17 15:30:01] === 自主学习触发 ===
[2026-03-17 15:30:01] 时段：量化交易 (10:00-20:00)
[2026-03-17 07:30:01] 📈 量化交易时段
[2026-03-17 07:30:01] ✅ 学习状态已更新
[2026-03-17 07:30:01] === 自主学习完成 ===

[2026-03-17 15:45:01] === 自主学习触发 ===
[2026-03-17 15:45:01] 时段：量化交易 (10:00-20:00)
[2026-03-17 07:45:01] 📈 量化交易时段
[2026-03-17 07:45:01] ✅ 学习状态已更新
[2026-03-17 07:45:01] === 自主学习完成 ===

[2026-03-17 16:00:01] === 自主学习触发 ===
[2026-03-17 16:00:01] 时段：量化交易 (10:00-20:00)
[2026-03-17 08:00:01] 📈 量化交易时段
[2026-03-17 08:00:01] ✅ 学习状态已更新
[2026-03-17 08:00:01] === 自主学习完成 ===

[2026-03-17 16:15:01] === 自主学习触发 ===
[2026-03-17 16:15:01] 时段：量化交易 (10:00-20:00)
[2026-03-17 08:15:01] 📈 量化交易时段
[2026-03-17 08:15:01] ✅ 学习状态已更新
[2026-03-17 08:15:01] === 自主学习完成 ===

[2026-03-17 16:30:01] === 自主学习触发 ===
[2026-03-17 16:30:01] 时段：量化交易 (10:00-20:00)
[2026-03-17 08:30:01] 📈 量化交易时段
[2026-03-17 08:30:01] ✅ 学习状态已更新
[2026-03-17 08:30:01] === 自主学习完成 ===

[2026-03-17 16:45:01] === 自主学习触发 ===
[2026-03-17 16:45:01] 时段：量化交易 (10:00-20:00)
[2026-03-17 08:45:01] 📈 量化交易时段
[2026-03-17 08:45:01] ✅ 学习状态已更新
[2026-03-17 08:45:01] === 自主学习完成 ===

[2026-03-17 17:00:01] === 自主学习触发 ===
[2026-03-17 17:00:01] 时段：量化交易 (10:00-20:00)
[2026-03-17 09:00:01] 📈 量化交易时段
[2026-03-17 09:00:01] ✅ 学习状态已更新
[2026-03-17 09:00:01] === 自主学习完成 ===

[2026-03-17 17:15:01] === 自主学习触发 ===
[2026-03-17 17:15:01] 时段：量化交易 (10:00-20:00)
[2026-03-17 09:15:01] 📈 量化交易时段
[2026-03-17 09:15:01] ✅ 学习状态已更新
[2026-03-17 09:15:01] === 自主学习完成 ===

[2026-03-17 17:30:01] === 自主学习触发 ===
[2026-03-17 17:30:01] 时段：量化交易 (10:00-20:00)
[2026-03-17 09:30:01] 📈 量化交易时段
[2026-03-17 09:30:01] ✅ 学习状态已更新
[2026-03-17 09:30:01] === 自主学习完成 ===

[2026-03-17 17:45:01] === 自主学习触发 ===
[2026-03-17 17:45:01] 时段：量化交易 (10:00-20:00)
[2026-03-17 09:45:01] 📈 量化交易时段
[2026-03-17 09:45:01] ✅ 学习状态已更新
[2026-03-17 09:45:01] === 自主学习完成 ===

[2026-03-17 18:00:01] === 自主学习触发 ===
[2026-03-17 18:00:01] 时段：量化交易 (10:00-20:00)
[2026-03-17 10:00:01] 📈 量化交易时段
[2026-03-17 10:00:01] ✅ 学习状态已更新
[2026-03-17 10:00:01] === 自主学习完成 ===

[2026-03-17 18:15:01] === 自主学习触发 ===
[2026-03-17 18:15:01] 时段：量化交易 (10:00-20:00)
[2026-03-17 10:15:01] 📈 量化交易时段
[2026-03-17 10:15:01] ✅ 学习状态已更新
[2026-03-17 10:15:01] === 自主学习完成 ===

[2026-03-17 18:30:01] === 自主学习触发 ===
[2026-03-17 18:30:01] 时段：量化交易 (10:00-20:00)
[2026-03-17 10:30:01] 📈 量化交易时段
[2026-03-17 10:30:01] ✅ 学习状态已更新
[2026-03-17 10:30:01] === 自主学习完成 ===

[2026-03-17 18:45:01] === 自主学习触发 ===
[2026-03-17 18:45:01] 时段：量化交易 (10:00-20:00)
[2026-03-17 10:45:01] 📈 量化交易时段
[2026-03-17 10:45:01] ✅ 学习状态已更新
[2026-03-17 10:45:01] === 自主学习完成 ===

[2026-03-17 19:00:01] === 自主学习触发 ===
[2026-03-17 19:00:01] 时段：量化交易 (10:00-20:00)
[2026-03-17 11:00:01] 📈 量化交易时段
[2026-03-17 11:00:01] ✅ 学习状态已更新
[2026-03-17 11:00:01] === 自主学习完成 ===

[2026-03-17 19:15:01] === 自主学习触发 ===
[2026-03-17 19:15:01] 时段：量化交易 (10:00-20:00)
[2026-03-17 11:15:01] 📈 量化交易时段
[2026-03-17 11:15:01] ✅ 学习状态已更新
[2026-03-17 11:15:01] === 自主学习完成 ===

[2026-03-17 19:30:01] === 自主学习触发 ===
[2026-03-17 19:30:01] 时段：量化交易 (10:00-20:00)
[2026-03-17 11:30:01] 📈 量化交易时段
[2026-03-17 11:30:01] ✅ 学习状态已更新
[2026-03-17 11:30:01] === 自主学习完成 ===

[2026-03-17 19:45:01] === 自主学习触发 ===
[2026-03-17 19:45:01] 时段：量化交易 (10:00-20:00)
[2026-03-17 11:45:01] 📈 量化交易时段
[2026-03-17 11:45:01] ✅ 学习状态已更新
[2026-03-17 11:45:01] === 自主学习完成 ===

[2026-03-17 20:00:01] === 自主学习触发 ===
[2026-03-17 20:00:01] 时段：总结提升 (20:00-24:00)
[2026-03-17 12:00:01] 🧬 总结提升时段
[2026-03-17 12:00:01] 📝 整理今日学习内容...
[2026-03-17 12:00:01] === 自主学习完成 ===

[2026-03-17 20:15:01] === 自主学习触发 ===
[2026-03-17 20:15:01] 时段：总结提升 (20:00-24:00)
[2026-03-17 12:15:01] 🧬 总结提升时段
[2026-03-17 12:15:01] 📝 整理今日学习内容...
[2026-03-17 12:15:01] === 自主学习完成 ===

[2026-03-17 20:30:01] === 自主学习触发 ===
[2026-03-17 20:30:01] 时段：总结提升 (20:00-24:00)
[2026-03-17 12:30:01] 🧬 总结提升时段
[2026-03-17 12:30:01] 📝 整理今日学习内容...
[2026-03-17 12:30:01] === 自主学习完成 ===

[2026-03-17 20:45:01] === 自主学习触发 ===
[2026-03-17 20:45:01] 时段：总结提升 (20:00-24:00)
[2026-03-17 12:45:01] 🧬 总结提升时段
[2026-03-17 12:45:01] 📝 整理今日学习内容...
[2026-03-17 12:45:01] === 自主学习完成 ===

[2026-03-17 21:00:01] === 自主学习触发 ===
[2026-03-17 21:00:01] 时段：总结提升 (20:00-24:00)
[2026-03-17 13:00:01] 🧬 总结提升时段
[2026-03-17 13:00:01] 📝 整理今日学习内容...
[2026-03-17 13:00:01] === 自主学习完成 ===

[2026-03-17 21:15:01] === 自主学习触发 ===
[2026-03-17 21:15:01] 时段：总结提升 (20:00-24:00)
[2026-03-17 13:15:01] 🧬 总结提升时段
[2026-03-17 13:15:01] 📝 整理今日学习内容...
[2026-03-17 13:15:01] === 自主学习完成 ===

[2026-03-17 21:30:01] === 自主学习触发 ===
[2026-03-17 21:30:01] 时段：总结提升 (20:00-24:00)
[2026-03-17 13:30:01] 🧬 总结提升时段
[2026-03-17 13:30:01] 📝 整理今日学习内容...
[2026-03-17 13:30:01] === 自主学习完成 ===

[2026-03-17 21:45:01] === 自主学习触发 ===
[2026-03-17 21:45:01] 时段：总结提升 (20:00-24:00)
[2026-03-17 13:45:01] 🧬 总结提升时段
[2026-03-17 13:45:01] 📝 整理今日学习内容...
[2026-03-17 13:45:01] === 自主学习完成 ===

[2026-03-17 22:00:01] === 自主学习触发 ===
[2026-03-17 22:00:01] 时段：总结提升 (20:00-24:00)
[2026-03-17 14:00:01] 🧬 总结提升时段
[2026-03-17 14:00:01] ⏰ 22:00+，应该生成每日进化报告
[2026-03-17 14:00:01] === 自主学习完成 ===

[2026-03-17 22:15:01] === 自主学习触发 ===
[2026-03-17 22:15:01] 时段：总结提升 (20:00-24:00)
[2026-03-17 14:15:01] 🧬 总结提升时段
[2026-03-17 14:15:01] ⏰ 22:00+，应该生成每日进化报告
[2026-03-17 14:15:01] === 自主学习完成 ===

[2026-03-17 22:30:01] === 自主学习触发 ===
[2026-03-17 22:30:01] 时段：总结提升 (20:00-24:00)
[2026-03-17 14:30:01] 🧬 总结提升时段
[2026-03-17 14:30:01] ⏰ 22:00+，应该生成每日进化报告
[2026-03-17 14:30:01] === 自主学习完成 ===

[2026-03-17 22:45:01] === 自主学习触发 ===
[2026-03-17 22:45:01] 时段：总结提升 (20:00-24:00)
[2026-03-17 14:45:01] 🧬 总结提升时段
[2026-03-17 14:45:01] ⏰ 22:00+，应该生成每日进化报告
[2026-03-17 14:45:01] === 自主学习完成 ===

[2026-03-17 23:00:01] === 自主学习触发 ===
[2026-03-17 23:00:01] 时段：总结提升 (20:00-24:00)
[2026-03-17 15:00:01] 🧬 总结提升时段
[2026-03-17 15:00:01] ⏰ 22:00+，应该生成每日进化报告
[2026-03-17 15:00:01] === 自主学习完成 ===

[2026-03-17 23:15:01] === 自主学习触发 ===
[2026-03-17 23:15:01] 时段：总结提升 (20:00-24:00)
[2026-03-17 15:15:01] 🧬 总结提升时段
[2026-03-17 15:15:01] ⏰ 22:00+，应该生成每日进化报告
[2026-03-17 15:15:01] === 自主学习完成 ===

[2026-03-17 23:30:01] === 自主学习触发 ===
[2026-03-17 23:30:01] 时段：总结提升 (20:00-24:00)
[2026-03-17 15:30:01] 🧬 总结提升时段
[2026-03-17 15:30:01] ⏰ 22:00+，应该生成每日进化报告
[2026-03-17 15:30:01] === 自主学习完成 ===

[2026-03-17 23:45:01] === 自主学习触发 ===
[2026-03-17 23:45:01] 时段：总结提升 (20:00-24:00)
[2026-03-17 15:45:01] 🧬 总结提升时段
[2026-03-17 15:45:01] ⏰ 22:00+，应该生成每日进化报告
[2026-03-17 15:45:01] === 自主学习完成 ===

[2026-03-18 00:00:01] === 自主学习触发 ===
[2026-03-18 00:00:01] 时段：游戏开发 (00:00-10:00)
[2026-03-17 16:00:01] 🎮 游戏开发时段
[2026-03-17 16:00:01] ✅ 游戏开发 v0.1-v0.16 已全部完成，等待新任务

[2026-03-18 00:15:01] === 自主学习触发 ===
[2026-03-18 00:15:01] 时段：游戏开发 (00:00-10:00)
[2026-03-17 16:15:01] 🎮 游戏开发时段
[2026-03-17 16:15:01] ✅ 游戏开发 v0.1-v0.16 已全部完成，等待新任务

[2026-03-18 00:30:01] === 自主学习触发 ===
[2026-03-18 00:30:01] 时段：游戏开发 (00:00-10:00)
[2026-03-17 16:30:01] 🎮 游戏开发时段
[2026-03-17 16:30:01] ✅ 游戏开发 v0.1-v0.16 已全部完成，等待新任务

[2026-03-18 00:45:01] === 自主学习触发 ===
[2026-03-18 00:45:01] 时段：游戏开发 (00:00-10:00)
[2026-03-17 16:45:01] 🎮 游戏开发时段
[2026-03-17 16:45:01] ✅ 游戏开发 v0.1-v0.16 已全部完成，等待新任务

[2026-03-18 01:00:01] === 自主学习触发 ===
[2026-03-18 01:00:01] 时段：游戏开发 (00:00-10:00)
[2026-03-17 17:00:01] 🎮 游戏开发时段
[2026-03-17 17:00:01] ✅ 游戏开发 v0.1-v0.16 已全部完成，等待新任务

[2026-03-18 01:15:01] === 自主学习触发 ===
[2026-03-18 01:15:01] 时段：游戏开发 (00:00-10:00)
[2026-03-17 17:15:01] 🎮 游戏开发时段
[2026-03-17 17:15:01] ✅ 游戏开发 v0.1-v0.16 已全部完成，等待新任务

[2026-03-18 01:30:01] === 自主学习触发 ===
[2026-03-18 01:30:01] 时段：游戏开发 (00:00-10:00)
[2026-03-17 17:30:01] 🎮 游戏开发时段
[2026-03-17 17:30:01] ✅ 游戏开发 v0.1-v0.16 已全部完成，等待新任务

[2026-03-18 01:45:01] === 自主学习触发 ===
[2026-03-18 01:45:01] 时段：游戏开发 (00:00-10:00)
[2026-03-17 17:45:01] 🎮 游戏开发时段
[2026-03-17 17:45:01] ✅ 游戏开发 v0.1-v0.16 已全部完成，等待新任务

[2026-03-18 02:00:01] === 自主学习触发 ===
[2026-03-18 02:00:01] 时段：游戏开发 (00:00-10:00)
[2026-03-17 18:00:01] 🎮 游戏开发时段
[2026-03-17 18:00:01] ✅ 游戏开发 v0.1-v0.16 已全部完成，等待新任务

[2026-03-18 02:15:01] === 自主学习触发 ===
[2026-03-18 02:15:01] 时段：游戏开发 (00:00-10:00)
[2026-03-17 18:15:01] 🎮 游戏开发时段
[2026-03-17 18:15:01] ✅ 游戏开发 v0.1-v0.16 已全部完成，等待新任务

[2026-03-18 02:30:01] === 自主学习触发 ===
[2026-03-18 02:30:01] 时段：游戏开发 (00:00-10:00)
[2026-03-17 18:30:01] 🎮 游戏开发时段
[2026-03-17 18:30:01] ✅ 游戏开发 v0.1-v0.16 已全部完成，等待新任务

[2026-03-18 02:45:01] === 自主学习触发 ===
[2026-03-18 02:45:01] 时段：游戏开发 (00:00-10:00)
[2026-03-17 18:45:01] 🎮 游戏开发时段
[2026-03-17 18:45:01] ✅ 游戏开发 v0.1-v0.16 已全部完成，等待新任务

[2026-03-18 03:00:01] === 自主学习触发 ===
[2026-03-18 03:00:01] 时段：游戏开发 (00:00-10:00)
[2026-03-17 19:00:01] 🎮 游戏开发时段
[2026-03-17 19:00:01] ✅ 游戏开发 v0.1-v0.16 已全部完成，等待新任务

[2026-03-18 03:15:01] === 自主学习触发 ===
[2026-03-18 03:15:01] 时段：游戏开发 (00:00-10:00)
[2026-03-17 19:15:01] 🎮 游戏开发时段
[2026-03-17 19:15:01] ✅ 游戏开发 v0.1-v0.16 已全部完成，等待新任务

[2026-03-18 03:30:01] === 自主学习触发 ===
[2026-03-18 03:30:01] 时段：游戏开发 (00:00-10:00)
[2026-03-17 19:30:01] 🎮 游戏开发时段
[2026-03-17 19:30:01] ✅ 游戏开发 v0.1-v0.16 已全部完成，等待新任务

[2026-03-18 03:45:01] === 自主学习触发 ===
[2026-03-18 03:45:01] 时段：游戏开发 (00:00-10:00)
[2026-03-17 19:45:01] 🎮 游戏开发时段
[2026-03-17 19:45:01] ✅ 游戏开发 v0.1-v0.16 已全部完成，等待新任务

[2026-03-18 04:00:01] === 自主学习触发 ===
[2026-03-18 04:00:01] 时段：游戏开发 (00:00-10:00)
[2026-03-17 20:00:01] 🎮 游戏开发时段
[2026-03-17 20:00:01] ✅ 游戏开发 v0.1-v0.16 已全部完成，等待新任务

[2026-03-18 04:15:01] === 自主学习触发 ===
[2026-03-18 04:15:01] 时段：游戏开发 (00:00-10:00)
[2026-03-17 20:15:01] 🎮 游戏开发时段
[2026-03-17 20:15:01] ✅ 游戏开发 v0.1-v0.16 已全部完成，等待新任务

[2026-03-18 04:30:01] === 自主学习触发 ===
[2026-03-18 04:30:01] 时段：游戏开发 (00:00-10:00)
[2026-03-17 20:30:01] 🎮 游戏开发时段
[2026-03-17 20:30:01] ✅ 游戏开发 v0.1-v0.16 已全部完成，等待新任务

[2026-03-18 04:30:01] === 自主学习触发 ===
[2026-03-18 04:30:01] 时段：游戏开发 (00:00-10:00)
[2026-03-18 04:30:01] 🎮 游戏开发时段
[2026-03-18 04:30:01] 🎯 初始化 v0.17 公会战系统
[2026-03-18 04:45:01] === 自主学习触发 ===
[2026-03-18 04:45:01] 时段：游戏开发 (00:00-10:00)
[2026-03-17 20:45:01] 🎮 游戏开发时段
[2026-03-17 20:45:01] ✅ 游戏开发 v0.1-v0.16 已全部完成，等待新任务

[2026-03-18 04:45:01] 🎯 准备开始 v0.17 公会战系统开发
[2026-03-18 05:00:01] === 自主学习触发 ===
[2026-03-18 05:00:01] 时段：游戏开发 (00:00-10:00)
[2026-03-17 21:00:01] 🎮 游戏开发时段
[2026-03-17 21:00:01] ✅ 游戏开发 v0.1-v0.16 已全部完成，等待新任务

[2026-03-18 05:00:01] 🎯 等待 v0.17 公会战系统任务启动...
[2026-03-18 05:15:01] === 自主学习触发 ===
[2026-03-18 05:15:01] 时段：游戏开发 (00:00-10:00)
[2026-03-17 21:15:01] 🎮 游戏开发时段
[2026-03-17 21:15:01] ✅ 游戏开发 v0.1-v0.16 已全部完成，等待新任务

[2026-03-18 05:15:01] === 自主学习触发 ===
[2026-03-18 05:15:01] 时段：游戏开发 (00:00-10:00)
[2026-03-18 05:15:01] 🎮 游戏开发时段 - v0.17 公会战系统准备中
[2026-03-18 05:30:01] === 自主学习触发 ===
[2026-03-18 05:30:01] 时段：游戏开发 (00:00-10:00)
[2026-03-17 21:30:01] 🎮 游戏开发时段
[2026-03-17 21:30:01] ✅ 游戏开发 v0.1-v0.16 已全部完成，等待新任务

[2026-03-18 05:30:01] === 自主学习触发 ===
[2026-03-18 05:30:01] 时段：游戏开发 (00:00-10:00)
[2026-03-18 05:30:01] 🎮 游戏开发时段 - v0.17 公会战系统准备中
[2026-03-18 05:45:01] === 自主学习触发 ===
[2026-03-18 05:45:01] 时段：游戏开发 (00:00-10:00)
[2026-03-17 21:45:01] 🎮 游戏开发时段
[2026-03-17 21:45:01] ✅ 游戏开发 v0.1-v0.16 已全部完成，等待新任务

[2026-03-18 05:45:01] === 自主学习触发 ===
[2026-03-18 05:45:01] 时段：游戏开发 (00:00-10:00)
[2026-03-18 05:45:01] 🎮 游戏开发时段 - v0.17 公会战系统准备中
[2026-03-18 06:00:01] === 自主学习触发 ===
[2026-03-18 06:00:01] 时段：游戏开发 (00:00-10:00)
[2026-03-17 22:00:01] 🎮 游戏开发时段
[2026-03-17 22:00:01] ✅ 游戏开发 v0.1-v0.16 已全部完成，等待新任务

[2026-03-18 06:00:01] === 自主学习触发 ===
[2026-03-18 06:00:01] 时段：游戏开发 (00:00-10:00)
[2026-03-18 06:00:01] 🎮 游戏开发时段 - v0.17 公会战系统准备中
[2026-03-18 06:15:01] === 自主学习触发 ===
[2026-03-18 06:15:01] 时段：游戏开发 (00:00-10:00)
[2026-03-17 22:15:01] 🎮 游戏开发时段
[2026-03-17 22:15:01] ✅ 游戏开发 v0.1-v0.16 已全部完成，等待新任务

[2026-03-18 06:15:01] === 自主学习触发 ===
[2026-03-18 06:15:01] 时段：游戏开发 (00:00-10:00)
[2026-03-18 06:15:01] 🎮 游戏开发时段 - v0.17 公会战系统准备中
[2026-03-18 06:30:01] === 自主学习触发 ===
[2026-03-18 06:30:01] 时段：游戏开发 (00:00-10:00)
[2026-03-17 22:30:01] 🎮 游戏开发时段
[2026-03-17 22:30:01] ✅ 游戏开发 v0.1-v0.16 已全部完成，等待新任务

[2026-03-18 06:30:01] === 自主学习触发 ===
[2026-03-18 06:30:01] 时段：游戏开发 (00:00-10:00)
[2026-03-18 06:30:01] 🎮 游戏开发时段 - v0.17 公会战系统准备中
[2026-03-18 06:45:01] === 自主学习触发 ===
[2026-03-18 06:45:01] 时段：游戏开发 (00:00-10:00)
[2026-03-17 22:45:01] 🎮 游戏开发时段
[2026-03-17 22:45:01] ✅ 游戏开发 v0.1-v0.16 已全部完成，等待新任务

[2026-03-18 06:45:01] === 自主学习触发 ===
[2026-03-18 06:45:01] 时段：游戏开发 (00:00-10:00)
[2026-03-18 06:45:01] 🎮 游戏开发时段 - v0.17 公会战系统准备中
[2026-03-18 07:00:01] === 自主学习触发 ===
[2026-03-18 07:00:01] 时段：游戏开发 (00:00-10:00)
[2026-03-17 23:00:01] 🎮 游戏开发时段
[2026-03-17 23:00:01] ✅ 游戏开发 v0.1-v0.16 已全部完成，等待新任务

[2026-03-18 07:00:01] === 自主学习触发 ===
[2026-03-18 07:00:01] 时段：游戏开发 (00:00-10:00)
[2026-03-18 07:00:01] 🎮 游戏开发时段 - v0.17 公会战系统准备中
[2026-03-18 07:15:01] === 自主学习触发 ===
[2026-03-18 07:15:01] 时段：游戏开发 (00:00-10:00)
[2026-03-17 23:15:01] 🎮 游戏开发时段
[2026-03-17 23:15:01] ✅ 游戏开发 v0.1-v0.16 已全部完成，等待新任务

[2026-03-18 07:15:01] === 自主学习触发 ===
[2026-03-18 07:15:01] 时段：游戏开发 (00:00-10:00)
[2026-03-18 07:15:01] 🎮 游戏开发时段 - v0.17 公会战系统准备中
[2026-03-18 07:30:01] === 自主学习触发 ===
[2026-03-18 07:30:01] 时段：游戏开发 (00:00-10:00)
[2026-03-17 23:30:01] 🎮 游戏开发时段
[2026-03-17 23:30:01] ✅ 游戏开发 v0.1-v0.16 已全部完成，等待新任务

[2026-03-18 07:30:01] === 自主学习触发 ===
[2026-03-18 07:30:01] 时段：游戏开发 (00:00-10:00)
[2026-03-18 07:30:01] 🎮 游戏开发时段 - v0.17 公会战系统准备中
[2026-03-18 07:45:01] === 自主学习触发 ===
[2026-03-18 07:45:01] 时段：游戏开发 (00:00-10:00)
[2026-03-17 23:45:01] 🎮 游戏开发时段
[2026-03-17 23:45:01] ✅ 游戏开发 v0.1-v0.16 已全部完成，等待新任务

[2026-03-18 07:45:01] === 自主学习触发 ===
[2026-03-18 07:45:01] 时段：游戏开发 (00:00-10:00)
[2026-03-18 07:45:01] 🎮 游戏开发时段 - v0.17 公会战系统准备中
[2026-03-18 08:00:01] === 自主学习触发 ===
[2026-03-18 08:00:01] 时段：游戏开发 (00:00-10:00)
[2026-03-18 00:00:01] 🎮 游戏开发时段
[2026-03-18 00:00:01] ✅ 游戏开发 v0.1-v0.16 已全部完成，等待新任务

[2026-03-18 08:00:01] === 自主学习触发 ===
[2026-03-18 08:00:01] 时段：游戏开发 (00:00-10:00)
[2026-03-18 08:00:01] 🎮 游戏开发时段 - v0.17 公会战系统准备中
[2026-03-18 08:15:01] === 自主学习触发 ===
[2026-03-18 08:15:01] 时段：游戏开发 (00:00-10:00)
[2026-03-18 00:15:01] 🎮 游戏开发时段
[2026-03-18 00:15:01] ✅ 游戏开发 v0.1-v0.16 已全部完成，等待新任务

[2026-03-18 08:15:01] === 自主学习触发 ===
[2026-03-18 08:15:01] 时段：游戏开发 (00:00-10:00)
[2026-03-18 08:15:01] 🎮 游戏开发时段 - v0.17 公会战系统准备中
[2026-03-18 08:30:01] === 自主学习触发 ===
[2026-03-18 08:30:01] 时段：游戏开发 (00:00-10:00)
[2026-03-18 00:30:01] 🎮 游戏开发时段
[2026-03-18 00:30:01] ✅ 游戏开发 v0.1-v0.16 已全部完成，等待新任务

[2026-03-18 08:30:01] === 自主学习触发 ===
[2026-03-18 08:30:01] 时段：游戏开发 (00:00-10:00)
[2026-03-18 08:30:01] 🎮 游戏开发时段 - v0.17 公会战系统准备中
[2026-03-18 08:45:01] === 自主学习触发 ===
[2026-03-18 08:45:01] 时段：游戏开发 (00:00-10:00)
[2026-03-18 00:45:01] 🎮 游戏开发时段
[2026-03-18 00:45:01] ✅ 游戏开发 v0.1-v0.16 已全部完成，等待新任务

[2026-03-18 08:45:01] === 自主学习触发 ===
[2026-03-18 08:45:01] 时段：游戏开发 (00:00-10:00)
[2026-03-18 08:45:01] 🎮 游戏开发时段 - v0.17 公会战系统准备中
[2026-03-18 09:00:01] === 自主学习触发 ===
[2026-03-18 09:00:01] 时段：游戏开发 (00:00-10:00)
[2026-03-18 01:00:01] 🎮 游戏开发时段
[2026-03-18 01:00:01] ✅ 游戏开发 v0.1-v0.16 已全部完成，等待新任务

[2026-03-18 09:01:01] === 自主学习触发 ===
[2026-03-18 09:01:01] 时段：游戏开发 (00:00-10:00)
[2026-03-18 09:01:01] 🎮 游戏开发时段 - v0.17 公会战系统准备中
[2026-03-18 09:15:01] === 自主学习触发 ===
[2026-03-18 09:15:01] 时段：游戏开发 (00:00-10:00)
[2026-03-18 01:15:01] 🎮 游戏开发时段
[2026-03-18 01:15:01] ✅ 游戏开发 v0.1-v0.16 已全部完成，等待新任务

[2026-03-18 09:15:01] === 自主学习触发 ===
[2026-03-18 09:15:01] 时段：游戏开发 (00:00-10:00)
[2026-03-18 09:15:01] 🎮 游戏开发时段 - v0.17 公会战系统准备中
[2026-03-18 09:30:01] === 自主学习触发 ===
[2026-03-18 09:30:01] 时段：游戏开发 (00:00-10:00)
[2026-03-18 01:30:01] 🎮 游戏开发时段
[2026-03-18 01:30:01] ✅ 游戏开发 v0.1-v0.16 已全部完成，等待新任务

[2026-03-18 09:31:01] === 自主学习触发 ===
[2026-03-18 09:31:01] 时段：游戏开发 (00:00-10:00)
[2026-03-18 09:31:01] 🎮 游戏开发时段 - v0.17 公会战系统准备中
[2026-03-18 09:45:01] === 自主学习触发 ===
[2026-03-18 09:45:01] 时段：游戏开发 (00:00-10:00)
[2026-03-18 01:45:01] 🎮 游戏开发时段
[2026-03-18 01:45:01] ✅ 游戏开发 v0.1-v0.16 已全部完成，等待新任务

[2026-03-18 09:45:01] === 自主学习触发 ===
[2026-03-18 09:45:01] 时段：游戏开发 (00:00-10:00)
[2026-03-18 09:45:01] 🎮 游戏开发时段 - v0.17 公会战系统准备中
[2026-03-18 10:00:01] === 自主学习触发 ===
[2026-03-18 10:00:01] 时段：量化交易 (10:00-20:00)
[2026-03-18 02:00:01] 📈 量化交易时段
[2026-03-18 02:00:01] ✅ 学习状态已更新
[2026-03-18 02:00:01] === 自主学习完成 ===

[2026-03-18 10:00:01] === 自主学习触发 ===
[2026-03-18 10:00:01] 时段：量化交易 (10:00-20:00)
[2026-03-18 10:00:01] 📈 量化交易时段 - Stage 4 实盘对接准备
[2026-03-18 10:00:01] 🔄 从游戏开发切换到量化交易
[2026-03-18 10:15:01] === 自主学习触发 ===
[2026-03-18 10:15:01] 时段：量化交易 (10:00-20:00)
[2026-03-18 02:15:01] 📈 量化交易时段
[2026-03-18 02:15:01] ✅ 学习状态已更新
[2026-03-18 02:15:01] === 自主学习完成 ===

[2026-03-18 10:15:01] === 自主学习触发 ===
[2026-03-18 10:15:01] 时段：量化交易 (10:00-20:00)
[2026-03-18 10:15:01] 📈 量化交易时段 - Stage 4 实盘对接准备
[2026-03-18 10:30:01] === 自主学习触发 ===
[2026-03-18 10:30:01] 时段：量化交易 (10:00-20:00)
[2026-03-18 02:30:01] 📈 量化交易时段
[2026-03-18 02:30:01] ✅ 学习状态已更新
[2026-03-18 02:30:01] === 自主学习完成 ===

[2026-03-18 10:30:01] === 自主学习触发 ===
[2026-03-18 10:30:01] 时段：量化交易 (10:00-20:00)
[2026-03-18 10:30:01] 📈 量化交易时段 - Stage 4 实盘对接准备
[2026-03-18 10:45:01] === 自主学习触发 ===
[2026-03-18 10:45:01] 时段：量化交易 (10:00-20:00)
[2026-03-18 02:45:01] 📈 量化交易时段
[2026-03-18 02:45:01] ✅ 学习状态已更新
[2026-03-18 02:45:01] === 自主学习完成 ===

[2026-03-18 10:45:01] === 自主学习触发 ===
[2026-03-18 10:45:01] 时段：量化交易 (10:00-20:00)
[2026-03-18 10:45:01] 📈 量化交易时段 - Stage 4 实盘对接准备
[2026-03-18 11:00:01] === 自主学习触发 ===
[2026-03-18 11:00:01] 时段：量化交易 (10:00-20:00)
[2026-03-18 03:00:01] 📈 量化交易时段
[2026-03-18 03:00:01] ✅ 学习状态已更新
[2026-03-18 03:00:01] === 自主学习完成 ===

[2026-03-18 11:00:01] === 自主学习触发 ===
[2026-03-18 11:00:01] 时段：量化交易 (10:00-20:00)
[2026-03-18 11:00:01] 📈 量化交易时段 - Stage 4 实盘对接准备
[2026-03-18 11:15:01] === 自主学习触发 ===
[2026-03-18 11:15:01] 时段：量化交易 (10:00-20:00)
[2026-03-18 03:15:01] 📈 量化交易时段
[2026-03-18 03:15:01] ✅ 学习状态已更新
[2026-03-18 03:15:01] === 自主学习完成 ===

[2026-03-18 11:15:01] === 自主学习触发 ===
[2026-03-18 11:15:01] 时段：量化交易 (10:00-20:00)
[2026-03-18 11:15:01] 📈 量化交易时段 - Stage 4 实盘对接准备
[2026-03-18 11:30:01] === 自主学习触发 ===
[2026-03-18 11:30:01] 时段：量化交易 (10:00-20:00)
[2026-03-18 03:30:01] 📈 量化交易时段
[2026-03-18 03:30:01] ✅ 学习状态已更新
[2026-03-18 03:30:01] === 自主学习完成 ===

[2026-03-18 11:30:01] === 自主学习触发 ===
[2026-03-18 11:30:01] 时段：量化交易 (10:00-20:00)
[2026-03-18 11:30:01] 📈 量化交易时段 - Stage 4 实盘对接准备
[2026-03-18 11:45:01] === 自主学习触发 ===
[2026-03-18 11:45:01] 时段：量化交易 (10:00-20:00)
[2026-03-18 03:45:01] 📈 量化交易时段
[2026-03-18 03:45:01] ✅ 学习状态已更新
[2026-03-18 03:45:01] === 自主学习完成 ===

[2026-03-18 11:45:01] === 自主学习触发 ===
[2026-03-18 11:45:01] 时段：量化交易 (10:00-20:00)
[2026-03-18 11:45:01] 📈 量化交易时段 - Stage 4 实盘对接准备
[2026-03-18 12:00:01] === 自主学习触发 ===
[2026-03-18 12:00:01] 时段：量化交易 (10:00-20:00)
[2026-03-18 04:00:01] 📈 量化交易时段
[2026-03-18 04:00:01] ✅ 学习状态已更新
[2026-03-18 04:00:01] === 自主学习完成 ===

[2026-03-18 12:00:01] === 自主学习触发 ===
[2026-03-18 12:00:01] 时段：量化交易 (10:00-20:00)
[2026-03-18 12:00:01] 📈 量化交易时段 - Stage 4 实盘对接准备
[2026-03-18 12:15:01] === 自主学习触发 ===
[2026-03-18 12:15:01] 时段：量化交易 (10:00-20:00)
[2026-03-18 04:15:01] 📈 量化交易时段
[2026-03-18 04:15:01] ✅ 学习状态已更新
[2026-03-18 04:15:01] === 自主学习完成 ===

[2026-03-18 12:15:01] === 自主学习触发 ===
[2026-03-18 12:15:01] 时段：量化交易 (10:00-20:00)
[2026-03-18 12:15:01] 📈 量化交易时段 - Stage 4 实盘对接准备
[2026-03-18 12:30:01] === 自主学习触发 ===
[2026-03-18 12:30:01] 时段：量化交易 (10:00-20:00)
[2026-03-18 04:30:01] 📈 量化交易时段
[2026-03-18 04:30:01] ✅ 学习状态已更新
[2026-03-18 04:30:01] === 自主学习完成 ===

[2026-03-18 12:30:01] === 自主学习触发 ===
[2026-03-18 12:30:01] 时段：量化交易 (10:00-20:00)
[2026-03-18 12:30:01] 📈 量化交易时段 - Stage 4 实盘对接准备
[2026-03-18 12:45:01] === 自主学习触发 ===
[2026-03-18 12:45:01] 时段：量化交易 (10:00-20:00)
[2026-03-18 04:45:01] 📈 量化交易时段
[2026-03-18 04:45:01] ✅ 学习状态已更新
[2026-03-18 04:45:01] === 自主学习完成 ===

[2026-03-18 12:45:01] === 自主学习触发 ===
[2026-03-18 12:45:01] 时段：量化交易 (10:00-20:00)
[2026-03-18 12:45:01] 📈 量化交易时段 - Stage 4 实盘对接准备
[2026-03-18 13:00:01] === 自主学习触发 ===
[2026-03-18 13:00:01] 时段：量化交易 (10:00-20:00)
[2026-03-18 05:00:01] 📈 量化交易时段
[2026-03-18 05:00:01] ✅ 学习状态已更新
[2026-03-18 05:00:01] === 自主学习完成 ===

[2026-03-18 13:00:01] === 自主学习触发 ===
[2026-03-18 13:00:01] 时段：量化交易 (10:00-20:00)
[2026-03-18 13:00:01] 📈 量化交易时段 - Stage 4 实盘对接准备
[2026-03-18 13:15:01] === 自主学习触发 ===
[2026-03-18 13:15:01] 时段：量化交易 (10:00-20:00)
[2026-03-18 05:15:01] 📈 量化交易时段
[2026-03-18 05:15:01] ✅ 学习状态已更新
[2026-03-18 05:15:01] === 自主学习完成 ===

[2026-03-18 13:15:01] === 自主学习触发 ===
[2026-03-18 13:15:01] 时段：量化交易 (10:00-20:00)
[2026-03-18 13:15:01] 📈 量化交易时段 - Stage 4 实盘对接准备
[2026-03-18 13:30:01] === 自主学习触发 ===
[2026-03-18 13:30:01] 时段：量化交易 (10:00-20:00)
[2026-03-18 05:30:01] 📈 量化交易时段
[2026-03-18 05:30:01] ✅ 学习状态已更新
[2026-03-18 05:30:01] === 自主学习完成 ===

[2026-03-18 13:30:01] === 自主学习触发 ===
[2026-03-18 13:30:01] 时段：量化交易 (10:00-20:00)
[2026-03-18 13:30:01] 📈 量化交易时段 - Stage 4 实盘对接准备
[2026-03-18 13:45:01] === 自主学习触发 ===
[2026-03-18 13:45:01] 时段：量化交易 (10:00-20:00)
[2026-03-18 05:45:01] 📈 量化交易时段
[2026-03-18 05:45:01] ✅ 学习状态已更新
[2026-03-18 05:45:01] === 自主学习完成 ===

[2026-03-18 13:45:01] === 自主学习触发 ===
[2026-03-18 13:45:01] 时段：量化交易 (10:00-20:00)
[2026-03-18 13:45:01] 📈 量化交易时段 - Stage 4 实盘对接准备
[2026-03-18 14:00:01] === 自主学习触发 ===
[2026-03-18 14:00:01] 时段：量化交易 (10:00-20:00)
[2026-03-18 06:00:01] 📈 量化交易时段
[2026-03-18 06:00:01] ✅ 学习状态已更新
[2026-03-18 06:00:01] === 自主学习完成 ===

[2026-03-18 14:00:01] === 自主学习触发 ===
[2026-03-18 14:00:01] 时段：量化交易 (10:00-20:00)
[2026-03-18 14:00:01] 📈 量化交易时段 - Stage 4 实盘对接准备
[2026-03-18 14:15:01] === 自主学习触发 ===
[2026-03-18 14:15:01] 时段：量化交易 (10:00-20:00)
[2026-03-18 06:15:01] 📈 量化交易时段
[2026-03-18 06:15:01] ✅ 学习状态已更新
[2026-03-18 06:15:01] === 自主学习完成 ===

[2026-03-18 14:15:01] === 自主学习触发 ===
[2026-03-18 14:15:01] 时段：量化交易 (10:00-20:00)
[2026-03-18 14:15:01] 📈 量化交易时段 - Stage 4 实盘对接准备
[2026-03-18 14:30:01] === 自主学习触发 ===
[2026-03-18 14:30:01] 时段：量化交易 (10:00-20:00)
[2026-03-18 06:30:01] 📈 量化交易时段
[2026-03-18 06:30:01] ✅ 学习状态已更新
[2026-03-18 06:30:01] === 自主学习完成 ===

[2026-03-18 14:30:01] === 自主学习触发 ===
[2026-03-18 14:30:01] 时段：量化交易 (10:00-20:00)
[2026-03-18 14:30:01] 📈 量化交易时段 - Stage 4 实盘对接准备
[2026-03-18 14:45:01] === 自主学习触发 ===
[2026-03-18 14:45:01] 时段：量化交易 (10:00-20:00)
[2026-03-18 06:45:01] 📈 量化交易时段
[2026-03-18 06:45:01] ✅ 学习状态已更新
[2026-03-18 06:45:01] === 自主学习完成 ===

[2026-03-18 14:45:01] === 自主学习触发 ===
[2026-03-18 14:45:01] 时段：量化交易 (10:00-20:00)
[2026-03-18 14:45:01] 📈 量化交易时段 - Stage 4 实盘对接准备
[2026-03-18 15:00:01] === 自主学习触发 ===
[2026-03-18 15:00:01] 时段：量化交易 (10:00-20:00)
[2026-03-18 07:00:01] 📈 量化交易时段
[2026-03-18 07:00:01] ✅ 学习状态已更新
[2026-03-18 07:00:01] === 自主学习完成 ===

[2026-03-18 15:00:01] === 自主学习触发 ===
[2026-03-18 15:00:01] 时段：量化交易 (10:00-20:00)
[2026-03-18 15:00:01] 📈 量化交易时段 - Stage 4 实盘对接准备
[2026-03-18 15:15:01] === 自主学习触发 ===
[2026-03-18 15:15:01] 时段：量化交易 (10:00-20:00)
[2026-03-18 07:15:01] 📈 量化交易时段
[2026-03-18 07:15:01] ✅ 学习状态已更新
[2026-03-18 07:15:01] === 自主学习完成 ===

[2026-03-18 15:15:01] === 自主学习触发 ===
[2026-03-18 15:15:01] 时段：量化交易 (10:00-20:00)
[2026-03-18 15:15:01] 📈 量化交易时段 - Stage 4 实盘对接准备
[2026-03-18 15:30:01] === 自主学习触发 ===
[2026-03-18 15:30:01] 时段：量化交易 (10:00-20:00)
[2026-03-18 07:30:01] 📈 量化交易时段
[2026-03-18 07:30:01] ✅ 学习状态已更新
[2026-03-18 07:30:01] === 自主学习完成 ===

[2026-03-18 15:30:01] === 自主学习触发 ===
[2026-03-18 15:30:01] 时段：量化交易 (10:00-20:00)
[2026-03-18 15:30:01] 📈 量化交易时段 - Stage 4 实盘对接准备
[2026-03-18 15:45:01] === 自主学习触发 ===
[2026-03-18 15:45:01] 时段：量化交易 (10:00-20:00)
[2026-03-18 07:45:01] 📈 量化交易时段
[2026-03-18 07:45:01] ✅ 学习状态已更新
[2026-03-18 07:45:01] === 自主学习完成 ===

[2026-03-18 15:45:01] === 自主学习触发 ===
[2026-03-18 15:45:01] 时段：量化交易 (10:00-20:00)
[2026-03-18 15:45:01] 📈 量化交易时段 - Stage 4 实盘对接准备
[2026-03-18 16:00:01] === 自主学习触发 ===
[2026-03-18 16:00:01] 时段：量化交易 (10:00-20:00)
[2026-03-18 08:00:01] 📈 量化交易时段
[2026-03-18 08:00:01] ✅ 学习状态已更新
[2026-03-18 08:00:01] === 自主学习完成 ===

[2026-03-18 16:00:01] === 自主学习触发 ===
[2026-03-18 16:00:01] 时段：量化交易 (10:00-20:00)
[2026-03-18 16:00:01] 📈 量化交易时段 - Stage 4 实盘对接准备
[2026-03-18 16:15:01] === 自主学习触发 ===
[2026-03-18 16:15:01] 时段：量化交易 (10:00-20:00)
[2026-03-18 08:15:01] 📈 量化交易时段
[2026-03-18 08:15:01] ✅ 学习状态已更新
[2026-03-18 08:15:01] === 自主学习完成 ===

[2026-03-18 16:15:01] === 自主学习触发 ===
[2026-03-18 16:15:01] 时段：量化交易 (10:00-20:00)
[2026-03-18 16:15:01] 📈 量化交易时段 - Stage 4 实盘对接准备
[2026-03-18 16:30:01] === 自主学习触发 ===
[2026-03-18 16:30:01] 时段：量化交易 (10:00-20:00)
[2026-03-18 08:30:01] 📈 量化交易时段
[2026-03-18 08:30:01] ✅ 学习状态已更新
[2026-03-18 08:30:01] === 自主学习完成 ===

[2026-03-18 16:30:01] === 自主学习触发 ===
[2026-03-18 16:30:01] 时段：量化交易 (10:00-20:00)
[2026-03-18 16:30:01] 📈 量化交易时段 - Stage 4 实盘对接准备
[2026-03-18 16:45:01] === 自主学习触发 ===
[2026-03-18 16:45:01] 时段：量化交易 (10:00-20:00)
[2026-03-18 08:45:01] 📈 量化交易时段
[2026-03-18 08:45:01] ✅ 学习状态已更新
[2026-03-18 08:45:01] === 自主学习完成 ===

[2026-03-18 16:45:01] === 自主学习触发 ===
[2026-03-18 16:45:01] 时段：量化交易 (10:00-20:00)
[2026-03-18 16:45:01] 📈 量化交易时段 - Stage 4 实盘对接准备
[2026-03-18 17:00:01] === 自主学习触发 ===
[2026-03-18 17:00:01] 时段：量化交易 (10:00-20:00)
[2026-03-18 09:00:01] 📈 量化交易时段
[2026-03-18 09:00:01] ✅ 学习状态已更新
[2026-03-18 09:00:01] === 自主学习完成 ===

[2026-03-18 17:00:01] === 自主学习触发 ===
[2026-03-18 17:00:01] 时段：量化交易 (10:00-20:00)
[2026-03-18 17:00:01] 📈 量化交易时段 - Stage 4 实盘对接准备
[2026-03-18 17:15:01] === 自主学习触发 ===
[2026-03-18 17:15:01] 时段：量化交易 (10:00-20:00)
[2026-03-18 09:15:01] 📈 量化交易时段
[2026-03-18 09:15:01] ✅ 学习状态已更新
[2026-03-18 09:15:01] === 自主学习完成 ===

[2026-03-18 17:15:01] === 自主学习触发 ===
[2026-03-18 17:15:01] 时段：量化交易 (10:00-20:00)
[2026-03-18 17:15:01] 📈 量化交易时段 - Stage 4 实盘对接准备
[2026-03-18 17:30:01] === 自主学习触发 ===
[2026-03-18 17:30:01] 时段：量化交易 (10:00-20:00)
[2026-03-18 09:30:01] 📈 量化交易时段
[2026-03-18 09:30:01] ✅ 学习状态已更新
[2026-03-18 09:30:01] === 自主学习完成 ===

[2026-03-18 17:30:01] === 自主学习触发 ===
[2026-03-18 17:30:01] 时段：量化交易 (10:00-20:00)
[2026-03-18 17:30:01] 📈 量化交易时段 - Stage 4 实盘对接准备
[2026-03-18 17:45:01] === 自主学习触发 ===
[2026-03-18 17:45:01] 时段：量化交易 (10:00-20:00)
[2026-03-18 09:45:01] 📈 量化交易时段
[2026-03-18 09:45:01] ✅ 学习状态已更新
[2026-03-18 09:45:01] === 自主学习完成 ===

[2026-03-18 17:45:01] === 自主学习触发 ===
[2026-03-18 17:45:01] 时段：量化交易 (10:00-20:00)
[2026-03-18 17:45:01] 📈 量化交易时段 - Stage 4 实盘对接准备
[2026-03-18 18:00:01] === 自主学习触发 ===
[2026-03-18 18:00:01] 时段：量化交易 (10:00-20:00)
[2026-03-18 10:00:01] 📈 量化交易时段
[2026-03-18 10:00:01] ✅ 学习状态已更新
[2026-03-18 10:00:01] === 自主学习完成 ===

[2026-03-18 18:00:01] === 自主学习触发 ===
[2026-03-18 18:00:01] 时段：量化交易 (10:00-20:00)
[2026-03-18 18:00:01] 📈 量化交易时段 - Stage 4 实盘对接准备
[2026-03-18 18:15:01] === 自主学习触发 ===
[2026-03-18 18:15:01] 时段：量化交易 (10:00-20:00)
[2026-03-18 10:15:01] 📈 量化交易时段
[2026-03-18 10:15:01] ✅ 学习状态已更新
[2026-03-18 10:15:01] === 自主学习完成 ===

[2026-03-18 18:15:01] === 自主学习触发 ===
[2026-03-18 18:15:01] 时段：量化交易 (10:00-20:00)
[2026-03-18 18:15:01] 📈 量化交易时段 - Stage 4 实盘对接准备
[2026-03-18 18:30:01] === 自主学习触发 ===
[2026-03-18 18:30:01] 时段：量化交易 (10:00-20:00)
[2026-03-18 10:30:01] 📈 量化交易时段
[2026-03-18 10:30:01] ✅ 学习状态已更新
[2026-03-18 10:30:01] === 自主学习完成 ===

[2026-03-18 18:30:01] === 自主学习触发 ===
[2026-03-18 18:30:01] 时段：量化交易 (10:00-20:00)
[2026-03-18 18:30:01] 📈 量化交易时段 - Stage 4 实盘对接准备
[2026-03-18 18:45:01] === 自主学习触发 ===
[2026-03-18 18:45:01] 时段：量化交易 (10:00-20:00)
[2026-03-18 10:45:01] 📈 量化交易时段
[2026-03-18 10:45:01] ✅ 学习状态已更新
[2026-03-18 10:45:01] === 自主学习完成 ===

[2026-03-18 18:45:01] === 自主学习触发 ===
[2026-03-18 18:45:01] 时段：量化交易 (10:00-20:00)
[2026-03-18 18:45:01] 📈 量化交易时段 - Stage 4 实盘对接准备
[2026-03-18 19:00:01] === 自主学习触发 ===
[2026-03-18 19:00:01] 时段：量化交易 (10:00-20:00)
[2026-03-18 11:00:01] 📈 量化交易时段
[2026-03-18 11:00:01] ✅ 学习状态已更新
[2026-03-18 11:00:01] === 自主学习完成 ===

[2026-03-18 19:00:01] === 自主学习触发 ===
[2026-03-18 19:00:01] 时段：量化交易 (10:00-20:00)
[2026-03-18 19:00:01] 📈 量化交易时段 - Stage 4 实盘对接准备
[2026-03-18 19:15:01] === 自主学习触发 ===
[2026-03-18 19:15:01] 时段：量化交易 (10:00-20:00)
[2026-03-18 11:15:01] 📈 量化交易时段
[2026-03-18 11:15:01] ✅ 学习状态已更新
[2026-03-18 11:15:01] === 自主学习完成 ===

[2026-03-18 19:15:01] === 自主学习触发 ===
[2026-03-18 19:15:01] 时段：量化交易 (10:00-20:00)
[2026-03-18 19:15:01] 📈 量化交易时段 - Stage 4 实盘对接准备
[2026-03-18 19:30:01] === 自主学习触发 ===
[2026-03-18 19:30:01] 时段：量化交易 (10:00-20:00)
[2026-03-18 11:30:01] 📈 量化交易时段
[2026-03-18 11:30:01] ✅ 学习状态已更新
[2026-03-18 11:30:01] === 自主学习完成 ===

[2026-03-18 19:30:01] === 自主学习触发 ===
[2026-03-18 19:30:01] 时段：量化交易 (10:00-20:00)
[2026-03-18 19:30:01] 📈 量化交易时段 - Stage 4 实盘对接准备
[2026-03-18 19:45:01] === 自主学习触发 ===
[2026-03-18 19:45:01] 时段：量化交易 (10:00-20:00)
[2026-03-18 11:45:01] 📈 量化交易时段
[2026-03-18 11:45:01] ✅ 学习状态已更新
[2026-03-18 11:45:01] === 自主学习完成 ===

[2026-03-18 19:45:01] === 自主学习触发 ===
[2026-03-18 19:45:01] 时段：量化交易 (10:00-20:00)
[2026-03-18 19:45:01] 📈 量化交易时段 - Stage 4 实盘对接准备
[2026-03-18 20:00:01] === 自主学习触发 ===
[2026-03-18 20:00:01] 时段：总结提升 (20:00-24:00)
[2026-03-18 12:00:01] 🧬 总结提升时段
[2026-03-18 12:00:01] 📝 整理今日学习内容...
[2026-03-18 12:00:01] === 自主学习完成 ===

[2026-03-18 20:00:01] === 自主学习触发 ===
[2026-03-18 20:00:01] 时段：总结提升 (20:00-24:00)
[2026-03-18 20:00:01] 🧬 总结提升时段 - 每日进化报告生成
[2026-03-18 20:00:01] 🔄 从量化交易切换到总结提升
[2026-03-18 20:15:01] === 自主学习触发 ===
[2026-03-18 20:15:01] 时段：总结提升 (20:00-24:00)
[2026-03-18 12:15:01] 🧬 总结提升时段
[2026-03-18 12:15:01] 📝 整理今日学习内容...
[2026-03-18 12:15:01] === 自主学习完成 ===

[2026-03-18 20:15:01] === 自主学习触发 ===
[2026-03-18 20:15:01] 时段：总结提升 (20:00-24:00)
[2026-03-18 20:15:01] 🧬 总结提升时段 - 每日进化报告生成
[2026-03-18 20:30:01] === 自主学习触发 ===
[2026-03-18 20:30:01] 时段：总结提升 (20:00-24:00)
[2026-03-18 12:30:01] 🧬 总结提升时段
[2026-03-18 12:30:01] 📝 整理今日学习内容...
[2026-03-18 12:30:01] === 自主学习完成 ===

[2026-03-18 20:30:01] === 自主学习触发 ===
[2026-03-18 20:30:01] 时段：总结提升 (20:00-24:00)
[2026-03-18 20:30:01] 🧬 总结提升时段 - 每日进化报告生成
[2026-03-18 20:45:01] === 自主学习触发 ===
[2026-03-18 20:45:01] 时段：总结提升 (20:00-24:00)
[2026-03-18 12:45:01] 🧬 总结提升时段
[2026-03-18 12:45:01] 📝 整理今日学习内容...
[2026-03-18 12:45:01] === 自主学习完成 ===

[2026-03-18 20:45:01] === 自主学习触发 ===
[2026-03-18 20:45:01] 时段：总结提升 (20:00-24:00)
[2026-03-18 20:45:01] 🧬 总结提升时段 - 每日进化报告生成
[2026-03-18 21:00:01] === 自主学习触发 ===
[2026-03-18 21:00:01] 时段：总结提升 (20:00-24:00)
[2026-03-18 13:00:01] 🧬 总结提升时段
[2026-03-18 13:00:01] 📝 整理今日学习内容...
[2026-03-18 13:00:01] === 自主学习完成 ===

[2026-03-18 21:00:01] === 自主学习触发 ===
[2026-03-18 21:00:01] 时段：总结提升 (20:00-24:00)
[2026-03-18 21:00:01] 🧬 总结提升时段 - 每日进化报告生成
[2026-03-18 21:15:01] === 自主学习触发 ===
[2026-03-18 21:15:01] 时段：总结提升 (20:00-24:00)
[2026-03-18 13:15:01] 🧬 总结提升时段
[2026-03-18 13:15:01] 📝 整理今日学习内容...
[2026-03-18 13:15:01] === 自主学习完成 ===

[2026-03-18 21:15:01] === 自主学习触发 ===
[2026-03-18 21:15:01] 时段：总结提升 (20:00-24:00)
[2026-03-18 21:15:01] 🧬 总结提升时段 - 每日进化报告生成
[2026-03-18 21:30:01] === 自主学习触发 ===
[2026-03-18 21:30:01] 时段：总结提升 (20:00-24:00)
[2026-03-18 13:30:02] 🧬 总结提升时段
[2026-03-18 13:30:02] 📝 整理今日学习内容...
[2026-03-18 13:30:02] === 自主学习完成 ===

[2026-03-18 21:30:01] === 自主学习触发 ===
[2026-03-18 21:30:01] 时段：总结提升 (20:00-24:00)
[2026-03-18 21:30:01] 🧬 总结提升时段 - 每日进化报告生成
[2026-03-18 21:45:01] === 自主学习触发 ===
[2026-03-18 21:45:01] 时段：总结提升 (20:00-24:00)
[2026-03-18 13:45:01] 🧬 总结提升时段
[2026-03-18 13:45:01] 📝 整理今日学习内容...
[2026-03-18 13:45:01] === 自主学习完成 ===

[2026-03-18 21:45:01] === 自主学习触发 ===
[2026-03-18 21:45:01] 时段：总结提升 (20:00-24:00)
[2026-03-18 21:45:01] 🧬 总结提升时段 - 每日进化报告生成
[2026-03-18 22:00:01] === 自主学习触发 ===
[2026-03-18 22:00:01] 时段：总结提升 (20:00-24:00)
[2026-03-18 14:00:01] 🧬 总结提升时段
[2026-03-18 14:00:01] ⏰ 22:00+，应该生成每日进化报告
[2026-03-18 14:00:01] === 自主学习完成 ===

[2026-03-18 22:00:01] 🧬 每日进化报告已生成：2026-03-18-day-7.md
[2026-03-18 22:00:01] 📊 等待下次心跳推送给用户...
[2026-03-18 22:04:01] === 自主学习触发 ===
[2026-03-18 22:04:01] 时段：总结提升 (20:00-24:00)
[2026-03-18 22:04:01] 🧬 总结提升时段 - 每日进化报告已生成，待推送
[2026-03-18 22:13:01] === 自主学习触发 ===
[2026-03-18 22:13:01] 时段：总结提升 (20:00-24:00)
[2026-03-18 22:13:01] 🧬 总结提升时段 - 每日进化报告已生成，待推送
[2026-03-18 22:15:01] === 自主学习触发 ===
[2026-03-18 22:15:01] 时段：总结提升 (20:00-24:00)
[2026-03-18 14:15:01] 🧬 总结提升时段
[2026-03-18 14:15:01] ⏰ 22:00+，应该生成每日进化报告
[2026-03-18 14:15:01] === 自主学习完成 ===

[2026-03-18 22:15:01] === 自主学习触发 ===
[2026-03-18 22:15:01] 时段：总结提升 (20:00-24:00)
[2026-03-18 22:15:01] 🧬 总结提升时段 - 每日进化报告已生成，待推送
[2026-03-18 22:30:01] === 自主学习触发 ===
[2026-03-18 22:30:01] 时段：总结提升 (20:00-24:00)
[2026-03-18 14:30:01] 🧬 总结提升时段
[2026-03-18 14:30:01] ⏰ 22:00+，应该生成每日进化报告
[2026-03-18 14:30:01] === 自主学习完成 ===

[2026-03-18 22:30:01] === 自主学习触发 ===
[2026-03-18 22:30:01] 时段：总结提升 (20:00-24:00)
[2026-03-18 22:30:01] 🧬 总结提升时段 - 每日进化报告已生成，待推送
[2026-03-18 22:45:01] === 自主学习触发 ===
[2026-03-18 22:45:01] 时段：总结提升 (20:00-24:00)
[2026-03-18 14:45:01] 🧬 总结提升时段
[2026-03-18 14:45:01] ⏰ 22:00+，应该生成每日进化报告
[2026-03-18 14:45:01] === 自主学习完成 ===

[2026-03-18 22:43:01] === 自主学习触发 ===
[2026-03-18 22:43:01] 时段：总结提升 (20:00-24:00)
[2026-03-18 22:43:01] 🧬 总结提升时段 - 每日进化报告已生成，待推送
[2026-03-18 22:45:01] === 自主学习触发 ===
[2026-03-18 22:45:01] 时段：总结提升 (20:00-24:00)
[2026-03-18 22:45:01] 🧬 总结提升时段 - 每日进化报告已生成，待推送
[2026-03-18 22:49:01] === 自主学习触发 ===
[2026-03-18 22:49:01] 时段：总结提升 (20:00-24:00)
[2026-03-18 22:49:01] 🧬 总结提升时段 - 每日进化报告已推送
[2026-03-18 23:00:01] === 自主学习触发 ===
[2026-03-18 23:00:01] 时段：总结提升 (20:00-24:00)
[2026-03-18 15:00:01] 🧬 总结提升时段
[2026-03-18 15:00:01] ⏰ 22:00+，应该生成每日进化报告
[2026-03-18 15:00:01] === 自主学习完成 ===

[2026-03-18 23:00:01] === 自主学习触发 ===
[2026-03-18 23:00:01] 时段：总结提升 (20:00-24:00)
[2026-03-18 23:00:01] 🧬 总结提升时段 - 报告已推送，继续学习
[2026-03-18 23:15:01] === 自主学习触发 ===
[2026-03-18 23:15:01] 时段：总结提升 (20:00-24:00)
[2026-03-18 15:15:01] 🧬 总结提升时段
[2026-03-18 15:15:01] ⏰ 22:00+，应该生成每日进化报告
[2026-03-18 15:15:01] === 自主学习完成 ===

[2026-03-18 23:15:01] === 自主学习触发 ===
[2026-03-18 23:15:01] 时段：总结提升 (20:00-24:00)
[2026-03-18 23:15:01] 🧬 总结提升时段 - 继续学习
[2026-03-18 23:30:01] === 自主学习触发 ===
[2026-03-18 23:30:01] 时段：总结提升 (20:00-24:00)
[2026-03-18 15:30:01] 🧬 总结提升时段
[2026-03-18 15:30:01] ⏰ 22:00+，应该生成每日进化报告
[2026-03-18 15:30:01] === 自主学习完成 ===

[2026-03-18 23:30:01] === 自主学习触发 ===
[2026-03-18 23:30:01] 时段：总结提升 (20:00-24:00)
[2026-03-18 23:30:01] 🧬 总结提升时段 - 继续学习
[2026-03-18 23:45:01] === 自主学习触发 ===
[2026-03-18 23:45:01] 时段：总结提升 (20:00-24:00)
[2026-03-18 15:45:01] 🧬 总结提升时段
[2026-03-18 15:45:01] ⏰ 22:00+，应该生成每日进化报告
[2026-03-18 15:45:01] === 自主学习完成 ===

[2026-03-18 23:45:01] === 自主学习触发 ===
[2026-03-18 23:45:01] 时段：总结提升 (20:00-24:00)
[2026-03-18 23:45:01] 🧬 总结提升时段 - 继续学习
[2026-03-19 00:00:01] === 自主学习触发 ===
[2026-03-19 00:00:01] 时段：游戏开发 (00:00-10:00)
[2026-03-18 16:00:01] 🎮 游戏开发时段
[2026-03-18 16:00:01] ✅ 游戏开发 v0.1-v0.16 已全部完成，等待新任务

[2026-03-19 00:00:01] === 新的一天开始 ===
[2026-03-19 00:00:01] 📅 第 8 天开始
[2026-03-19 00:00:01] 🎮 游戏开发时段 (00:00-10:00)
[2026-03-19 00:00:01] 🎯 继续 v0.17 公会战系统开发
[2026-03-19 00:15:01] === 自主学习触发 ===
[2026-03-19 00:15:01] 时段：游戏开发 (00:00-10:00)
[2026-03-18 16:15:01] 🎮 游戏开发时段
[2026-03-18 16:15:01] ✅ 游戏开发 v0.1-v0.16 已全部完成，等待新任务

[2026-03-19 00:15:01] === 自主学习触发 ===
[2026-03-19 00:15:01] 时段：游戏开发 (00:00-10:00)
[2026-03-19 00:15:01] 🎮 游戏开发时段 - v0.17 公会战系统
[2026-03-19 00:30:01] === 自主学习触发 ===
[2026-03-19 00:30:01] 时段：游戏开发 (00:00-10:00)
[2026-03-19 00:30:11] === 自主学习触发 ===
[2026-03-19 00:30:11] 时段：游戏开发 (00:00-10:00)
[2026-03-19 00:32:32] === 自主学习触发 ===
[2026-03-19 00:32:32] 时段：游戏开发 (00:00-10:00)
[2026-03-18 16:32:32] 🎮 游戏开发时段 - 主动开发模式
[2026-03-18 16:32:32] 📝 执行 v0.18 - 离线收益系统
[2026-03-18 16:32:32] ✅ v0.18 文件已存在
[2026-03-19 00:32:32] === 自主学习完成 ===
[2026-03-18 16:33:53] 📈 量化交易时段 - 主动开发模式测试
[2026-03-18 16:33:53] 📝 Stage 4 未开始，检查文件...
[2026-03-18 16:33:53] ⚠️ 文件不存在，需要创建
[2026-03-18 16:35:17] 🧠 总结提升时段 - 主动整理模式测试
[2026-03-18 16:35:17] 📊 MEMORY.md 更新时间：0.2小时前
[2026-03-18 16:35:17] ✅ 更新正常
[2026-03-19 00:35:57] === 自主学习触发 ===
[2026-03-19 00:35:57] 时段：游戏开发 (00:00-10:00)
[2026-03-18 16:35:57] 🎮 游戏开发时段 - 主动开发模式
[2026-03-18 16:35:57] ✅ 游戏开发进度正常
[2026-03-19 00:35:57] === 自主学习完成 ===
[2026-03-19 00:30:01] === 自主学习触发 ===
[2026-03-19 00:30:01] 时段：游戏开发 (00:00-10:00)
[2026-03-19 00:30:01] 🎮 游戏开发时段 - v0.17 公会战系统
[2026-03-19 00:45:01] === 自主学习触发 ===
[2026-03-19 00:45:01] 时段：游戏开发 (00:00-10:00)
[2026-03-19 00:45:01] 🎮 游戏开发时段 - v0.17 公会战系统
[2026-03-19 01:00:01] === 自主学习触发 ===
[2026-03-19 01:00:01] 时段：游戏开发 (00:00-10:00)
[2026-03-18 17:00:01] 🎮 游戏开发时段 - 主动开发模式
[2026-03-18 17:00:01] ✅ 游戏开发进度正常
[2026-03-19 01:00:01] === 自主学习完成 ===
[2026-03-19 01:00:01] === 自主学习触发 ===
[2026-03-19 01:00:01] 时段：游戏开发 (00:00-10:00)
[2026-03-19 01:00:01] 🎮 游戏开发时段 - v0.17 公会战系统
[2026-03-19 01:15:01] === 自主学习触发 ===
[2026-03-19 01:15:01] 时段：游戏开发 (00:00-10:00)
[2026-03-19 01:15:01] 🎮 游戏开发时段 - v0.17 公会战系统
[2026-03-19 01:30:01] === 自主学习触发 ===
[2026-03-19 01:30:01] 时段：游戏开发 (00:00-10:00)
[2026-03-18 17:30:01] 🎮 游戏开发时段 - 主动开发模式
[2026-03-18 17:30:01] ✅ 游戏开发进度正常
[2026-03-19 01:30:01] === 自主学习完成 ===
[2026-03-19 01:30:01] === 自主学习触发 ===
[2026-03-19 01:30:01] 时段：游戏开发 (00:00-10:00)
[2026-03-19 01:30:01] 🎮 游戏开发时段 - v0.17 公会战系统
[2026-03-19 01:38:01] === 自主学习触发 ===
[2026-03-19 01:38:01] 时段：游戏开发 (00:00-10:00)
[2026-03-19 01:38:01] 🎮 游戏开发时段 - v0.17 公会战系统
[2026-03-19 01:45:01] === 自主学习触发 ===
[2026-03-19 01:45:01] 时段：游戏开发 (00:00-10:00)
[2026-03-19 01:45:01] 🎮 游戏开发时段 - v0.17 公会战系统
[2026-03-19 02:00:01] === 自主学习触发 ===
[2026-03-19 02:00:01] 时段：游戏开发 (00:00-10:00)
[2026-03-18 18:00:01] 🎮 游戏开发时段 - 主动开发模式
[2026-03-18 18:00:01] ✅ 游戏开发进度正常
[2026-03-19 02:00:01] === 自主学习完成 ===
[2026-03-19 02:00:01] === 自主学习触发 ===
[2026-03-19 02:00:01] 时段：游戏开发 (00:00-10:00)
[2026-03-19 02:00:01] 🎮 游戏开发时段 - v0.17 公会战系统
[2026-03-19 02:08:01] === 自主学习触发 ===
[2026-03-19 02:08:01] 时段：游戏开发 (00:00-10:00)
[2026-03-19 02:08:01] 🎮 游戏开发时段 - v0.17 公会战系统
[2026-03-19 02:15:01] === 自主学习触发 ===
[2026-03-19 02:15:01] 时段：游戏开发 (00:00-10:00)
[2026-03-19 02:15:01] 🎮 游戏开发时段 - v0.17 公会战系统
[2026-03-19 02:30:01] === 自主学习触发 ===
[2026-03-19 02:30:01] 时段：游戏开发 (00:00-10:00)
[2026-03-18 18:30:01] 🎮 游戏开发时段 - 主动开发模式
[2026-03-18 18:30:01] ✅ 游戏开发进度正常
[2026-03-19 02:30:01] === 自主学习完成 ===
[2026-03-19 02:30:01] === 自主学习触发 ===
[2026-03-19 02:30:01] 时段：游戏开发 (00:00-10:00)
[2026-03-19 02:30:01] 🎮 游戏开发时段 - v0.17 公会战系统
[2026-03-19 02:38:01] === 自主学习触发 ===
[2026-03-19 02:38:01] 时段：游戏开发 (00:00-10:00)
[2026-03-19 02:38:01] 🎮 游戏开发时段 - v0.17 公会战系统
[2026-03-19 02:45:01] === 自主学习触发 ===
[2026-03-19 02:45:01] 时段：游戏开发 (00:00-10:00)
[2026-03-19 02:45:01] 🎮 游戏开发时段 - v0.17 公会战系统
[2026-03-19 03:00:01] === 自主学习触发 ===
[2026-03-19 03:00:01] 时段：游戏开发 (00:00-10:00)
[2026-03-18 19:00:01] 🎮 游戏开发时段 - 主动开发模式
[2026-03-18 19:00:01] ✅ 游戏开发进度正常
[2026-03-19 03:00:01] === 自主学习完成 ===
[2026-03-19 03:00:01] === 自主学习触发 ===
[2026-03-19 03:00:01] 时段：游戏开发 (00:00-10:00)
[2026-03-19 03:00:01] 🎮 游戏开发时段 - v0.17 公会战系统
[2026-03-19 03:08:01] === 自主学习触发 ===
[2026-03-19 03:08:01] 时段：游戏开发 (00:00-10:00)
[2026-03-19 03:08:01] 🎮 游戏开发时段 - v0.17 公会战系统
[2026-03-19 03:15:01] === 自主学习触发 ===
[2026-03-19 03:15:01] 时段：游戏开发 (00:00-10:00)
[2026-03-19 03:15:01] 🎮 游戏开发时段 - v0.17 公会战系统
[2026-03-19 03:30:01] === 自主学习触发 ===
[2026-03-19 03:30:01] 时段：游戏开发 (00:00-10:00)
[2026-03-18 19:30:01] 🎮 游戏开发时段 - 主动开发模式
[2026-03-18 19:30:01] ✅ 游戏开发进度正常
[2026-03-19 03:30:01] === 自主学习完成 ===
[2026-03-19 03:30:01] === 自主学习触发 ===
[2026-03-19 03:30:01] 时段：游戏开发 (00:00-10:00)
[2026-03-19 03:30:01] 🎮 游戏开发时段 - v0.17 公会战系统
[2026-03-19 03:38:01] === 自主学习触发 ===
[2026-03-19 03:38:01] 时段：游戏开发 (00:00-10:00)
[2026-03-19 03:38:01] 🎮 游戏开发时段 - v0.17 公会战系统
[2026-03-19 03:45:01] === 自主学习触发 ===
[2026-03-19 03:45:01] 时段：游戏开发 (00:00-10:00)
[2026-03-19 03:45:01] 🎮 游戏开发时段 - v0.17 公会战系统
[2026-03-19 04:00:01] === 自主学习触发 ===
[2026-03-19 04:00:01] 时段：游戏开发 (00:00-10:00)
[2026-03-18 20:00:01] 🎮 游戏开发时段 - 主动开发模式
[2026-03-18 20:00:01] ✅ 游戏开发进度正常
[2026-03-19 04:00:01] === 自主学习完成 ===
[2026-03-19 04:30:01] === 自主学习触发 ===
[2026-03-19 04:30:01] 时段：游戏开发 (00:00-10:00)
[2026-03-18 20:30:01] 🎮 游戏开发时段 - 主动开发模式
[2026-03-18 20:30:01] ✅ 游戏开发进度正常
[2026-03-19 04:30:01] === 自主学习完成 ===
[2026-03-19 05:00:01] === 自主学习触发 ===
[2026-03-19 05:00:01] 时段：游戏开发 (00:00-10:00)
[2026-03-18 21:00:01] 🎮 游戏开发时段 - 主动开发模式
[2026-03-18 21:00:01] ✅ 游戏开发进度正常
[2026-03-19 05:00:01] === 自主学习完成 ===
[2026-03-19 05:30:01] === 自主学习触发 ===
[2026-03-19 05:30:01] 时段：游戏开发 (00:00-10:00)
[2026-03-18 21:30:01] 🎮 游戏开发时段 - 主动开发模式
[2026-03-18 21:30:01] ✅ 游戏开发进度正常
[2026-03-19 05:30:01] === 自主学习完成 ===
[2026-03-19 06:00:01] === 自主学习触发 ===
[2026-03-19 06:00:01] 时段：游戏开发 (00:00-10:00)
[2026-03-18 22:00:01] 🎮 游戏开发时段 - 主动开发模式
[2026-03-18 22:00:01] ✅ 游戏开发进度正常
[2026-03-19 06:00:01] === 自主学习完成 ===
[2026-03-19 06:30:01] === 自主学习触发 ===
[2026-03-19 06:30:01] 时段：游戏开发 (00:00-10:00)
[2026-03-18 22:30:01] 🎮 游戏开发时段 - 主动开发模式
[2026-03-18 22:30:01] ✅ 游戏开发进度正常
[2026-03-19 06:30:01] === 自主学习完成 ===
[2026-03-19 07:00:01] === 自主学习触发 ===
[2026-03-19 07:00:01] 时段：游戏开发 (00:00-10:00)
[2026-03-18 23:00:01] 🎮 游戏开发时段 - 主动开发模式
[2026-03-18 23:00:01] ✅ 游戏开发进度正常
[2026-03-19 07:00:01] === 自主学习完成 ===
[2026-03-19 07:30:01] === 自主学习触发 ===
[2026-03-19 07:30:01] 时段：游戏开发 (00:00-10:00)
[2026-03-18 23:30:01] 🎮 游戏开发时段 - 主动开发模式
[2026-03-18 23:30:01] ✅ 游戏开发进度正常
[2026-03-19 07:30:01] === 自主学习完成 ===
[2026-03-19 08:00:01] === 自主学习触发 ===
[2026-03-19 08:00:01] 时段：游戏开发 (00:00-10:00)
[2026-03-19 00:00:01] 🎮 游戏开发时段 - 主动开发模式
[2026-03-19 00:00:01] ✅ 游戏开发进度正常
[2026-03-19 08:00:01] === 自主学习完成 ===
[2026-03-19 08:30:01] === 自主学习触发 ===
[2026-03-19 08:30:01] 时段：游戏开发 (00:00-10:00)
[2026-03-19 00:30:01] 🎮 游戏开发时段 - 主动开发模式
[2026-03-19 00:30:01] ✅ 游戏开发进度正常
[2026-03-19 08:30:01] === 自主学习完成 ===
[2026-03-19 09:00:01] === 自主学习触发 ===
[2026-03-19 09:00:01] 时段：游戏开发 (00:00-10:00)
[2026-03-19 01:00:01] 🎮 游戏开发时段 - 主动开发模式
[2026-03-19 01:00:01] ✅ 游戏开发进度正常
[2026-03-19 09:00:01] === 自主学习完成 ===
[2026-03-19 09:30:01] === 自主学习触发 ===
[2026-03-19 09:30:01] 时段：游戏开发 (00:00-10:00)
[2026-03-19 01:30:01] 🎮 游戏开发时段 - 主动开发模式
[2026-03-19 01:30:01] ✅ 游戏开发进度正常
[2026-03-19 09:30:01] === 自主学习完成 ===
[2026-03-19 10:00:01] === 自主学习触发 ===
[2026-03-19 10:00:01] 时段：量化交易 (10:00-20:00)
[2026-03-19 02:00:01] 📈 量化交易时段 - 主动开发模式
[2026-03-19 02:00:01] 📝 执行 Stage 4 - 券商接口抽象层
[2026-03-19 02:00:01] 📝 创建券商接口代码...
[2026-03-19 02:00:01] ✅ broker_interface.py 已创建
[2026-03-19 02:00:01] ✅ Stage 4 完成！
[2026-03-19 10:00:01] === 自主学习完成 ===
[2026-03-19 10:30:01] === 自主学习触发 ===
[2026-03-19 10:30:01] 时段：量化交易 (10:00-20:00)
[2026-03-19 02:30:01] 📈 量化交易时段 - 主动开发模式
[2026-03-19 02:30:01] ✅ 量化交易进度正常
[2026-03-19 10:30:01] === 自主学习完成 ===
[2026-03-19 11:00:01] === 自主学习触发 ===
[2026-03-19 11:00:01] 时段：量化交易 (10:00-20:00)
[2026-03-19 03:00:01] 📈 量化交易时段 - 主动开发模式
[2026-03-19 03:00:01] ✅ 量化交易进度正常
[2026-03-19 11:00:01] === 自主学习完成 ===
[2026-03-19 11:30:01] === 自主学习触发 ===
[2026-03-19 11:30:01] 时段：量化交易 (10:00-20:00)
[2026-03-19 03:30:01] 📈 量化交易时段 - 主动开发模式
[2026-03-19 03:30:01] ✅ 量化交易进度正常
[2026-03-19 11:30:01] === 自主学习完成 ===
[2026-03-19 12:00:01] === 自主学习触发 ===
[2026-03-19 12:00:01] 时段：量化交易 (10:00-20:00)
[2026-03-19 04:00:01] 📈 量化交易时段 - 主动开发模式
[2026-03-19 04:00:01] ✅ 量化交易进度正常
[2026-03-19 12:00:01] === 自主学习完成 ===
[2026-03-19 12:30:01] === 自主学习触发 ===
[2026-03-19 12:30:01] 时段：量化交易 (10:00-20:00)
[2026-03-19 04:30:01] 📈 量化交易时段 - 主动开发模式
[2026-03-19 04:30:01] ✅ 量化交易进度正常
[2026-03-19 12:30:01] === 自主学习完成 ===
[2026-03-19 13:00:01] === 自主学习触发 ===
[2026-03-19 13:00:01] 时段：量化交易 (10:00-20:00)
[2026-03-19 05:00:01] 📈 量化交易时段 - 主动开发模式
[2026-03-19 05:00:01] ✅ 量化交易进度正常
[2026-03-19 13:00:01] === 自主学习完成 ===
[2026-03-19 13:30:01] === 自主学习触发 ===
[2026-03-19 13:30:01] 时段：量化交易 (10:00-20:00)
[2026-03-19 05:30:01] 📈 量化交易时段 - 主动开发模式
[2026-03-19 05:30:01] ✅ 量化交易进度正常
[2026-03-19 13:30:01] === 自主学习完成 ===
[2026-03-19 14:00:01] === 自主学习触发 ===
[2026-03-19 14:00:01] 时段：量化交易 (10:00-20:00)
[2026-03-19 06:00:01] 📈 量化交易时段 - 主动开发模式
[2026-03-19 06:00:01] ✅ 量化交易进度正常
[2026-03-19 14:00:01] === 自主学习完成 ===
[2026-03-19 14:30:01] === 自主学习触发 ===
[2026-03-19 14:30:01] 时段：量化交易 (10:00-20:00)
[2026-03-19 06:30:01] 📈 量化交易时段 - 主动开发模式
[2026-03-19 06:30:01] ✅ 量化交易进度正常
[2026-03-19 14:30:01] === 自主学习完成 ===
[2026-03-19 15:00:01] === 自主学习触发 ===
[2026-03-19 15:00:01] 时段：量化交易 (10:00-20:00)
[2026-03-19 07:00:01] 📈 量化交易时段 - 主动开发模式
[2026-03-19 07:00:01] ✅ 量化交易进度正常
[2026-03-19 15:00:01] === 自主学习完成 ===
[2026-03-19 15:30:01] === 自主学习触发 ===
[2026-03-19 15:30:01] 时段：量化交易 (10:00-20:00)
[2026-03-19 07:30:01] 📈 量化交易时段 - 主动开发模式
[2026-03-19 07:30:01] ✅ 量化交易进度正常
[2026-03-19 15:30:01] === 自主学习完成 ===
[2026-03-19 16:00:01] === 自主学习触发 ===
[2026-03-19 16:00:01] 时段：量化交易 (10:00-20:00)
[2026-03-19 08:00:01] 📈 量化交易时段 - 主动开发模式
[2026-03-19 08:00:01] ✅ 量化交易进度正常
[2026-03-19 16:00:01] === 自主学习完成 ===
[2026-03-19 16:30:01] === 自主学习触发 ===
[2026-03-19 16:30:01] 时段：量化交易 (10:00-20:00)
[2026-03-19 08:30:01] 📈 量化交易时段 - 主动开发模式
[2026-03-19 08:30:01] ✅ 量化交易进度正常
[2026-03-19 16:30:01] === 自主学习完成 ===
[2026-03-19 17:00:01] === 自主学习触发 ===
[2026-03-19 17:00:01] 时段：量化交易 (10:00-20:00)
[2026-03-19 09:00:01] 📈 量化交易时段 - 主动开发模式
[2026-03-19 09:00:01] ✅ 量化交易进度正常
[2026-03-19 17:00:01] === 自主学习完成 ===
[2026-03-19 17:30:01] === 自主学习触发 ===
[2026-03-19 17:30:01] 时段：量化交易 (10:00-20:00)
[2026-03-19 09:30:01] 📈 量化交易时段 - 主动开发模式
[2026-03-19 09:30:01] ✅ 量化交易进度正常
[2026-03-19 17:30:01] === 自主学习完成 ===
[2026-03-19 18:00:01] === 自主学习触发 ===
[2026-03-19 18:00:01] 时段：量化交易 (10:00-20:00)
[2026-03-19 10:00:01] 📈 量化交易时段 - 主动开发模式
[2026-03-19 10:00:01] ✅ 量化交易进度正常
[2026-03-19 18:00:01] === 自主学习完成 ===
[2026-03-19 18:30:01] === 自主学习触发 ===
[2026-03-19 18:30:01] 时段：量化交易 (10:00-20:00)
[2026-03-19 10:30:01] 📈 量化交易时段 - 主动开发模式
[2026-03-19 10:30:01] ✅ 量化交易进度正常
[2026-03-19 18:30:01] === 自主学习完成 ===
[2026-03-19 19:00:01] === 自主学习触发 ===
[2026-03-19 19:00:01] 时段：量化交易 (10:00-20:00)
[2026-03-19 11:00:01] 📈 量化交易时段 - 主动开发模式
[2026-03-19 11:00:01] ✅ 量化交易进度正常
[2026-03-19 19:00:01] === 自主学习完成 ===
[2026-03-19 19:30:01] === 自主学习触发 ===
[2026-03-19 19:30:01] 时段：量化交易 (10:00-20:00)
[2026-03-19 11:30:01] 📈 量化交易时段 - 主动开发模式
[2026-03-19 11:30:01] ✅ 量化交易进度正常
[2026-03-19 19:30:01] === 自主学习完成 ===
[2026-03-19 20:00:01] === 自主学习触发 ===
[2026-03-19 20:00:01] 时段：总结提升 (20:00-24:00)
[2026-03-19 12:00:01] 🧠 总结提升时段 - 主动整理模式
[2026-03-19 12:00:01] ✅ MEMORY.md 已更新（${hoursSinceUpdate.toFixed(1)}小时前）
[2026-03-19 20:00:01] === 自主学习完成 ===
[2026-03-19 20:30:01] === 自主学习触发 ===
[2026-03-19 20:30:01] 时段：总结提升 (20:00-24:00)
[2026-03-19 12:30:01] 🧠 总结提升时段 - 主动整理模式
[2026-03-19 12:30:01] ✅ MEMORY.md 已更新（${hoursSinceUpdate.toFixed(1)}小时前）
[2026-03-19 20:30:01] === 自主学习完成 ===
[2026-03-19 21:00:01] === 自主学习触发 ===
[2026-03-19 21:00:01] 时段：总结提升 (20:00-24:00)
[2026-03-19 13:00:01] 🧠 总结提升时段 - 主动整理模式
[2026-03-19 13:00:01] ✅ MEMORY.md 已更新（${hoursSinceUpdate.toFixed(1)}小时前）
[2026-03-19 21:00:01] === 自主学习完成 ===
[2026-03-19 21:30:01] === 自主学习触发 ===
[2026-03-19 21:30:01] 时段：总结提升 (20:00-24:00)
[2026-03-19 13:30:01] 🧠 总结提升时段 - 主动整理模式
[2026-03-19 13:30:01] ✅ MEMORY.md 已更新（${hoursSinceUpdate.toFixed(1)}小时前）
[2026-03-19 21:30:01] === 自主学习完成 ===
[2026-03-19 22:00:01] === 自主学习触发 ===
[2026-03-19 22:00:01] 时段：总结提升 (20:00-24:00)
[2026-03-19 14:00:02] 🧠 总结提升时段 - 主动整理模式
[2026-03-19 14:00:02] ✅ MEMORY.md 已更新（${hoursSinceUpdate.toFixed(1)}小时前）
[2026-03-19 14:00:02] ⏰ 22:00 时段，进化报告将由 cron 自动触发
[2026-03-19 22:00:01] === 自主学习完成 ===
[2026-03-19 22:30:01] === 自主学习触发 ===
[2026-03-19 22:30:01] 时段：总结提升 (20:00-24:00)
[2026-03-19 14:30:01] 🧠 总结提升时段 - 主动整理模式
[2026-03-19 14:30:01] ✅ MEMORY.md 已更新（${hoursSinceUpdate.toFixed(1)}小时前）
[2026-03-19 14:30:01] ⏰ 22:00 时段，进化报告将由 cron 自动触发
[2026-03-19 22:30:01] === 自主学习完成 ===
[2026-03-19 23:00:01] === 自主学习触发 ===
[2026-03-19 23:00:01] 时段：总结提升 (20:00-24:00)
[2026-03-19 15:00:01] 🧠 总结提升时段 - 主动整理模式
[2026-03-19 15:00:01] ✅ MEMORY.md 已更新（${hoursSinceUpdate.toFixed(1)}小时前）
[2026-03-19 15:00:01] ⏰ 22:00 时段，进化报告将由 cron 自动触发
[2026-03-19 23:00:01] === 自主学习完成 ===
[2026-03-19 23:30:01] === 自主学习触发 ===
[2026-03-19 23:30:01] 时段：总结提升 (20:00-24:00)
[2026-03-19 15:30:01] 🧠 总结提升时段 - 主动整理模式
[2026-03-19 15:30:01] ✅ MEMORY.md 已更新（${hoursSinceUpdate.toFixed(1)}小时前）
[2026-03-19 15:30:01] ⏰ 22:00 时段，进化报告将由 cron 自动触发
[2026-03-19 23:30:01] === 自主学习完成 ===
[2026-03-20 00:00:01] === 自主学习触发 ===
[2026-03-20 00:00:01] 时段：游戏开发 (00:00-10:00)
[2026-03-19 16:00:01] 🎮 游戏开发时段 - 主动开发模式
[2026-03-19 16:00:01] ✅ 游戏开发进度正常
[2026-03-20 00:00:01] === 自主学习完成 ===
[2026-03-20 00:30:02] === 自主学习触发 ===
[2026-03-20 00:30:02] 时段：游戏开发 (00:00-10:00)
[2026-03-19 16:30:02] 🎮 游戏开发时段 - 主动开发模式
[2026-03-19 16:30:02] ✅ 游戏开发进度正常
[2026-03-20 00:30:02] === 自主学习完成 ===
[2026-03-20 01:00:01] === 自主学习触发 ===
[2026-03-20 01:00:01] 时段：游戏开发 (00:00-10:00)
[2026-03-19 17:00:01] 🎮 游戏开发时段 - 主动开发模式
[2026-03-19 17:00:01] ✅ 游戏开发进度正常
[2026-03-20 01:00:01] === 自主学习完成 ===
[2026-03-20 01:30:01] === 自主学习触发 ===
[2026-03-20 01:30:01] 时段：游戏开发 (00:00-10:00)
[2026-03-19 17:30:01] 🎮 游戏开发时段 - 主动开发模式
[2026-03-19 17:30:01] ✅ 游戏开发进度正常
[2026-03-20 01:30:01] === 自主学习完成 ===
[2026-03-20 02:00:01] === 自主学习触发 ===
[2026-03-20 02:00:01] 时段：游戏开发 (00:00-10:00)
[2026-03-19 18:00:01] 🎮 游戏开发时段 - 主动开发模式
[2026-03-19 18:00:01] ✅ 游戏开发进度正常
[2026-03-20 02:00:01] === 自主学习完成 ===
[2026-03-20 02:30:01] === 自主学习触发 ===
[2026-03-20 02:30:01] 时段：游戏开发 (00:00-10:00)
[2026-03-19 18:30:01] 🎮 游戏开发时段 - 主动开发模式
[2026-03-19 18:30:01] ✅ 游戏开发进度正常
[2026-03-20 02:30:01] === 自主学习完成 ===
[2026-03-20 03:00:01] === 自主学习触发 ===
[2026-03-20 03:00:01] 时段：游戏开发 (00:00-10:00)
[2026-03-19 19:00:01] 🎮 游戏开发时段 - 主动开发模式
[2026-03-19 19:00:01] ✅ 游戏开发进度正常
[2026-03-20 03:00:01] === 自主学习完成 ===
[2026-03-20 03:30:01] === 自主学习触发 ===
[2026-03-20 03:30:01] 时段：游戏开发 (00:00-10:00)
[2026-03-19 19:30:01] 🎮 游戏开发时段 - 主动开发模式
[2026-03-19 19:30:01] ✅ 游戏开发进度正常
[2026-03-20 03:30:01] === 自主学习完成 ===
[2026-03-20 04:00:01] === 自主学习触发 ===
[2026-03-20 04:00:01] 时段：游戏开发 (00:00-10:00)
[2026-03-19 20:00:01] 🎮 游戏开发时段 - 主动开发模式
[2026-03-19 20:00:01] ✅ 游戏开发进度正常
[2026-03-20 04:00:01] === 自主学习完成 ===
[2026-03-20 04:30:01] === 自主学习触发 ===
[2026-03-20 04:30:01] 时段：游戏开发 (00:00-10:00)
[2026-03-19 20:30:01] 🎮 游戏开发时段 - 主动开发模式
[2026-03-19 20:30:01] ✅ 游戏开发进度正常
[2026-03-20 04:30:01] === 自主学习完成 ===
[2026-03-20 05:00:01] === 自主学习触发 ===
[2026-03-20 05:00:01] 时段：游戏开发 (00:00-10:00)
[2026-03-19 21:00:01] 🎮 游戏开发时段 - 主动开发模式
[2026-03-19 21:00:01] ✅ 游戏开发进度正常
[2026-03-20 05:00:01] === 自主学习完成 ===
[2026-03-20 05:30:01] === 自主学习触发 ===
[2026-03-20 05:30:01] 时段：游戏开发 (00:00-10:00)
[2026-03-19 21:30:01] 🎮 游戏开发时段 - 主动开发模式
[2026-03-19 21:30:01] ✅ 游戏开发进度正常
[2026-03-20 05:30:01] === 自主学习完成 ===
[2026-03-20 06:00:01] === 自主学习触发 ===
[2026-03-20 06:00:01] 时段：游戏开发 (00:00-10:00)
[2026-03-19 22:00:01] 🎮 游戏开发时段 - 主动开发模式
[2026-03-19 22:00:01] ✅ 游戏开发进度正常
[2026-03-20 06:00:01] === 自主学习完成 ===
[2026-03-20 06:30:01] === 自主学习触发 ===
[2026-03-20 06:30:01] 时段：游戏开发 (00:00-10:00)
[2026-03-19 22:30:01] 🎮 游戏开发时段 - 主动开发模式
[2026-03-19 22:30:01] ✅ 游戏开发进度正常
[2026-03-20 06:30:01] === 自主学习完成 ===
[2026-03-20 07:00:01] === 自主学习触发 ===
[2026-03-20 07:00:01] 时段：游戏开发 (00:00-10:00)
[2026-03-19 23:00:01] 🎮 游戏开发时段 - 主动开发模式
[2026-03-19 23:00:01] ✅ 游戏开发进度正常
[2026-03-20 07:00:01] === 自主学习完成 ===
[2026-03-20 07:30:01] === 自主学习触发 ===
[2026-03-20 07:30:01] 时段：游戏开发 (00:00-10:00)
[2026-03-19 23:30:01] 🎮 游戏开发时段 - 主动开发模式
[2026-03-19 23:30:01] ✅ 游戏开发进度正常
[2026-03-20 07:30:01] === 自主学习完成 ===
[2026-03-20 08:00:01] === 自主学习触发 ===
[2026-03-20 08:00:01] 时段：游戏开发 (00:00-10:00)
[2026-03-20 00:00:01] 🎮 游戏开发时段 - 主动开发模式
[2026-03-20 00:00:01] ✅ 游戏开发进度正常
[2026-03-20 08:00:01] === 自主学习完成 ===
[2026-03-20 08:30:02] === 自主学习触发 ===
[2026-03-20 08:30:02] 时段：游戏开发 (00:00-10:00)
[2026-03-20 00:30:02] 🎮 游戏开发时段 - 主动开发模式
[2026-03-20 00:30:02] ✅ 游戏开发进度正常
[2026-03-20 08:30:02] === 自主学习完成 ===
[2026-03-20 09:00:01] === 自主学习触发 ===
[2026-03-20 09:00:01] 时段：游戏开发 (00:00-10:00)
[2026-03-20 01:00:01] 🎮 游戏开发时段 - 主动开发模式
[2026-03-20 01:00:01] ✅ 游戏开发进度正常
[2026-03-20 09:00:01] === 自主学习完成 ===
[2026-03-20 09:30:01] === 自主学习触发 ===
[2026-03-20 09:30:01] 时段：游戏开发 (00:00-10:00)
[2026-03-20 01:30:01] 🎮 游戏开发时段 - 主动开发模式
[2026-03-20 01:30:01] ✅ 游戏开发进度正常
[2026-03-20 09:30:01] === 自主学习完成 ===
[2026-03-20 10:00:01] === 自主学习触发 ===
[2026-03-20 10:00:01] 时段：量化交易 (10:00-20:00)
[2026-03-20 02:00:01] 📈 量化交易时段 - 主动开发模式
[2026-03-20 02:00:01] ✅ 量化交易进度正常
[2026-03-20 10:00:01] === 自主学习完成 ===
[2026-03-20 10:30:01] === 自主学习触发 ===
[2026-03-20 10:30:01] 时段：量化交易 (10:00-20:00)
[2026-03-20 02:30:01] 📈 量化交易时段 - 主动开发模式
[2026-03-20 02:30:01] ✅ 量化交易进度正常
[2026-03-20 10:30:01] === 自主学习完成 ===
[2026-03-20 11:00:01] === 自主学习触发 ===
[2026-03-20 11:00:01] 时段：量化交易 (10:00-20:00)
[2026-03-20 03:00:01] 📈 量化交易时段 - 主动开发模式
[2026-03-20 03:00:01] ✅ 量化交易进度正常
[2026-03-20 11:00:01] === 自主学习完成 ===
[2026-03-20 11:30:01] === 自主学习触发 ===
[2026-03-20 11:30:01] 时段：量化交易 (10:00-20:00)
[2026-03-20 03:30:01] 📈 量化交易时段 - 主动开发模式
[2026-03-20 03:30:01] ✅ 量化交易进度正常
[2026-03-20 11:30:01] === 自主学习完成 ===
[2026-03-20 12:00:01] === 自主学习触发 ===
[2026-03-20 12:00:01] 时段：量化交易 (10:00-20:00)
[2026-03-20 04:00:02] 📈 量化交易时段 - 主动开发模式
[2026-03-20 04:00:02] ✅ 量化交易进度正常
[2026-03-20 12:00:01] === 自主学习完成 ===
[2026-03-20 12:30:01] === 自主学习触发 ===
[2026-03-20 12:30:01] 时段：量化交易 (10:00-20:00)
[2026-03-20 04:30:01] 📈 量化交易时段 - 主动开发模式
[2026-03-20 04:30:01] ✅ 量化交易进度正常
[2026-03-20 12:30:01] === 自主学习完成 ===
[2026-03-20 13:00:01] === 自主学习触发 ===
[2026-03-20 13:00:01] 时段：量化交易 (10:00-20:00)
[2026-03-20 05:00:01] 📈 量化交易时段 - 主动开发模式
[2026-03-20 05:00:01] ✅ 量化交易进度正常
[2026-03-20 13:00:01] === 自主学习完成 ===
[2026-03-20 13:30:01] === 自主学习触发 ===
[2026-03-20 13:30:01] 时段：量化交易 (10:00-20:00)
[2026-03-20 05:30:01] 📈 量化交易时段 - 主动开发模式
[2026-03-20 05:30:01] ✅ 量化交易进度正常
[2026-03-20 13:30:01] === 自主学习完成 ===
[2026-03-20 14:00:01] === 自主学习触发 ===
[2026-03-20 14:00:01] 时段：量化交易 (10:00-20:00)
[2026-03-20 06:00:01] 📈 量化交易时段 - 主动开发模式
[2026-03-20 06:00:01] ✅ 量化交易进度正常
[2026-03-20 14:00:01] === 自主学习完成 ===
[2026-03-20 14:30:01] === 自主学习触发 ===
[2026-03-20 14:30:01] 时段：量化交易 (10:00-20:00)
[2026-03-20 06:30:01] 📈 量化交易时段 - 主动开发模式
[2026-03-20 06:30:01] ✅ 量化交易进度正常
[2026-03-20 14:30:01] === 自主学习完成 ===
[2026-03-20 15:00:01] === 自主学习触发 ===
[2026-03-20 15:00:01] 时段：量化交易 (10:00-20:00)
[2026-03-20 07:00:01] 📈 量化交易时段 - 主动开发模式
[2026-03-20 07:00:01] ✅ 量化交易进度正常
[2026-03-20 15:00:01] === 自主学习完成 ===
[2026-03-20 15:30:01] === 自主学习触发 ===
[2026-03-20 15:30:01] 时段：量化交易 (10:00-20:00)
[2026-03-20 07:30:01] 📈 量化交易时段 - 主动开发模式
[2026-03-20 07:30:01] ✅ 量化交易进度正常
[2026-03-20 15:30:01] === 自主学习完成 ===
[2026-03-20 16:00:01] === 自主学习触发 ===
[2026-03-20 16:00:01] 时段：量化交易 (10:00-20:00)
[2026-03-20 08:00:01] 📈 量化交易时段 - 主动开发模式
[2026-03-20 08:00:01] ✅ 量化交易进度正常
[2026-03-20 16:00:01] === 自主学习完成 ===
[2026-03-20 16:30:01] === 自主学习触发 ===
[2026-03-20 16:30:01] 时段：量化交易 (10:00-20:00)
[2026-03-20 08:30:01] 📈 量化交易时段 - 主动开发模式
[2026-03-20 08:30:01] ✅ 量化交易进度正常
[2026-03-20 16:30:01] === 自主学习完成 ===
[2026-03-20 17:00:01] === 自主学习触发 ===
[2026-03-20 17:00:01] 时段：量化交易 (10:00-20:00)
[2026-03-20 09:00:01] 📈 量化交易时段 - 主动开发模式
[2026-03-20 09:00:01] ✅ 量化交易进度正常
[2026-03-20 17:00:01] === 自主学习完成 ===
[2026-03-20 17:30:01] === 自主学习触发 ===
[2026-03-20 17:30:01] 时段：量化交易 (10:00-20:00)
[2026-03-20 09:30:01] 📈 量化交易时段 - 主动开发模式
[2026-03-20 09:30:01] ✅ 量化交易进度正常
[2026-03-20 17:30:01] === 自主学习完成 ===
[2026-03-20 18:00:01] === 自主学习触发 ===
[2026-03-20 18:00:01] 时段：量化交易 (10:00-20:00)
[2026-03-20 10:00:01] 📈 量化交易时段 - 主动开发模式
[2026-03-20 10:00:01] ✅ 量化交易进度正常
[2026-03-20 18:00:01] === 自主学习完成 ===
[2026-03-20 18:30:01] === 自主学习触发 ===
[2026-03-20 18:30:01] 时段：量化交易 (10:00-20:00)
[2026-03-20 10:30:01] 📈 量化交易时段 - 主动开发模式
[2026-03-20 10:30:01] ✅ 量化交易进度正常
[2026-03-20 18:30:01] === 自主学习完成 ===
[2026-03-20 19:00:01] === 自主学习触发 ===
[2026-03-20 19:00:01] 时段：量化交易 (10:00-20:00)
[2026-03-20 11:00:01] 📈 量化交易时段 - 主动开发模式
[2026-03-20 11:00:01] ✅ 量化交易进度正常
[2026-03-20 19:00:01] === 自主学习完成 ===
[2026-03-20 19:30:01] === 自主学习触发 ===
[2026-03-20 19:30:01] 时段：量化交易 (10:00-20:00)
[2026-03-20 11:30:01] 📈 量化交易时段 - 主动开发模式
[2026-03-20 11:30:01] ✅ 量化交易进度正常
[2026-03-20 19:30:01] === 自主学习完成 ===
[2026-03-20 20:00:01] === 自主学习触发 ===
[2026-03-20 20:00:01] 时段：总结提升 (20:00-24:00)
[2026-03-20 12:00:01] 🧠 总结提升时段 - 主动整理模式
[2026-03-20 12:00:01] ✅ MEMORY.md 已更新（${hoursSinceUpdate.toFixed(1)}小时前）
[2026-03-20 20:00:01] === 自主学习完成 ===
[2026-03-20 20:30:01] === 自主学习触发 ===
[2026-03-20 20:30:01] 时段：总结提升 (20:00-24:00)
[2026-03-20 12:30:01] 🧠 总结提升时段 - 主动整理模式
[2026-03-20 12:30:01] ✅ MEMORY.md 已更新（${hoursSinceUpdate.toFixed(1)}小时前）
[2026-03-20 20:30:01] === 自主学习完成 ===
[2026-03-20 21:00:01] === 自主学习触发 ===
[2026-03-20 21:00:01] 时段：总结提升 (20:00-24:00)
[2026-03-20 13:00:01] 🧠 总结提升时段 - 主动整理模式
[2026-03-20 13:00:01] ✅ MEMORY.md 已更新（${hoursSinceUpdate.toFixed(1)}小时前）
[2026-03-20 21:00:01] === 自主学习完成 ===
[2026-03-20 21:30:01] === 自主学习触发 ===
[2026-03-20 21:30:01] 时段：总结提升 (20:00-24:00)
[2026-03-20 13:30:01] 🧠 总结提升时段 - 主动整理模式
[2026-03-20 13:30:01] ✅ MEMORY.md 已更新（${hoursSinceUpdate.toFixed(1)}小时前）
[2026-03-20 21:30:01] === 自主学习完成 ===
[2026-03-20 22:00:01] === 自主学习触发 ===
[2026-03-20 22:00:01] 时段：总结提升 (20:00-24:00)
[2026-03-20 14:00:01] 🧠 总结提升时段 - 主动整理模式
[2026-03-20 14:00:01] ✅ MEMORY.md 已更新（${hoursSinceUpdate.toFixed(1)}小时前）
[2026-03-20 14:00:01] ⏰ 22:00 时段，进化报告将由 cron 自动触发
[2026-03-20 22:00:01] === 自主学习完成 ===
[2026-03-20 22:30:01] === 自主学习触发 ===
[2026-03-20 22:30:01] 时段：总结提升 (20:00-24:00)
[2026-03-20 14:30:01] 🧠 总结提升时段 - 主动整理模式
[2026-03-20 14:30:01] ✅ MEMORY.md 已更新（${hoursSinceUpdate.toFixed(1)}小时前）
[2026-03-20 14:30:01] ⏰ 22:00 时段，进化报告将由 cron 自动触发
[2026-03-20 22:30:01] === 自主学习完成 ===
[2026-03-20 23:00:01] === 自主学习触发 ===
[2026-03-20 23:00:01] 时段：总结提升 (20:00-24:00)
[2026-03-20 15:00:01] 🧠 总结提升时段 - 主动整理模式
[2026-03-20 15:00:01] ✅ MEMORY.md 已更新（${hoursSinceUpdate.toFixed(1)}小时前）
[2026-03-20 15:00:01] ⏰ 22:00 时段，进化报告将由 cron 自动触发
[2026-03-20 23:00:01] === 自主学习完成 ===
[2026-03-20 23:30:02] === 自主学习触发 ===
[2026-03-20 23:30:02] 时段：总结提升 (20:00-24:00)
[2026-03-20 15:30:02] 🧠 总结提升时段 - 主动整理模式
[2026-03-20 15:30:02] ✅ MEMORY.md 已更新（${hoursSinceUpdate.toFixed(1)}小时前）
[2026-03-20 15:30:02] ⏰ 22:00 时段，进化报告将由 cron 自动触发
[2026-03-20 23:30:02] === 自主学习完成 ===
[2026-03-21 00:00:01] === 自主学习触发 ===
[2026-03-21 00:00:01] 时段：游戏开发 (00:00-10:00)
[2026-03-20 16:00:01] 🎮 游戏开发时段 - 主动开发模式
[2026-03-20 16:00:01] ✅ 游戏开发进度正常
[2026-03-21 00:00:01] === 自主学习完成 ===
[2026-03-21 00:30:01] === 自主学习触发 ===
[2026-03-21 00:30:01] 时段：游戏开发 (00:00-10:00)
[2026-03-20 16:30:01] 🎮 游戏开发时段 - 主动开发模式
[2026-03-20 16:30:01] ✅ 游戏开发进度正常
[2026-03-21 00:30:01] === 自主学习完成 ===
[2026-03-21 01:00:01] === 自主学习触发 ===
[2026-03-21 01:00:01] 时段：游戏开发 (00:00-10:00)
[2026-03-20 17:00:01] 🎮 游戏开发时段 - 主动开发模式
[2026-03-20 17:00:01] ✅ 游戏开发进度正常
[2026-03-21 01:00:01] === 自主学习完成 ===
[2026-03-21 01:30:01] === 自主学习触发 ===
[2026-03-21 01:30:01] 时段：游戏开发 (00:00-10:00)
[2026-03-20 17:30:01] 🎮 游戏开发时段 - 主动开发模式
[2026-03-20 17:30:01] ✅ 游戏开发进度正常
[2026-03-21 01:30:01] === 自主学习完成 ===
[2026-03-21 02:00:01] === 自主学习触发 ===
[2026-03-21 02:00:01] 时段：游戏开发 (00:00-10:00)
[2026-03-20 18:00:01] 🎮 游戏开发时段 - 主动开发模式
[2026-03-20 18:00:01] ✅ 游戏开发进度正常
[2026-03-21 02:00:01] === 自主学习完成 ===
[2026-03-21 02:30:01] === 自主学习触发 ===
[2026-03-21 02:30:01] 时段：游戏开发 (00:00-10:00)
[2026-03-20 18:30:01] 🎮 游戏开发时段 - 主动开发模式
[2026-03-20 18:30:01] ✅ 游戏开发进度正常
[2026-03-21 02:30:01] === 自主学习完成 ===
[2026-03-21 03:00:01] === 自主学习触发 ===
[2026-03-21 03:00:01] 时段：游戏开发 (00:00-10:00)
[2026-03-20 19:00:01] 🎮 游戏开发时段 - 主动开发模式
[2026-03-20 19:00:01] ✅ 游戏开发进度正常
[2026-03-21 03:00:01] === 自主学习完成 ===
[2026-03-21 03:30:01] === 自主学习触发 ===
[2026-03-21 03:30:01] 时段：游戏开发 (00:00-10:00)
[2026-03-20 19:30:01] 🎮 游戏开发时段 - 主动开发模式
[2026-03-20 19:30:01] ✅ 游戏开发进度正常
[2026-03-21 03:30:01] === 自主学习完成 ===
[2026-03-21 04:00:01] === 自主学习触发 ===
[2026-03-21 04:00:01] 时段：游戏开发 (00:00-10:00)
[2026-03-20 20:00:01] 🎮 游戏开发时段 - 主动开发模式
[2026-03-20 20:00:01] ✅ 游戏开发进度正常
[2026-03-21 04:00:01] === 自主学习完成 ===
[2026-03-21 04:30:01] === 自主学习触发 ===
[2026-03-21 04:30:01] 时段：游戏开发 (00:00-10:00)
[2026-03-20 20:30:01] 🎮 游戏开发时段 - 主动开发模式
[2026-03-20 20:30:01] ✅ 游戏开发进度正常
[2026-03-21 04:30:01] === 自主学习完成 ===
[2026-03-21 05:00:01] === 自主学习触发 ===
[2026-03-21 05:00:01] 时段：游戏开发 (00:00-10:00)
[2026-03-20 21:00:01] 🎮 游戏开发时段 - 主动开发模式
[2026-03-20 21:00:01] ✅ 游戏开发进度正常
[2026-03-21 05:00:01] === 自主学习完成 ===
[2026-03-21 05:30:01] === 自主学习触发 ===
[2026-03-21 05:30:01] 时段：游戏开发 (00:00-10:00)
[2026-03-20 21:30:01] 🎮 游戏开发时段 - 主动开发模式
[2026-03-20 21:30:01] ✅ 游戏开发进度正常
[2026-03-21 05:30:01] === 自主学习完成 ===
[2026-03-21 06:00:01] === 自主学习触发 ===
[2026-03-21 06:00:01] 时段：游戏开发 (00:00-10:00)
[2026-03-20 22:00:01] 🎮 游戏开发时段 - 主动开发模式
[2026-03-20 22:00:01] ✅ 游戏开发进度正常
[2026-03-21 06:00:01] === 自主学习完成 ===
[2026-03-21 06:30:01] === 自主学习触发 ===
[2026-03-21 06:30:01] 时段：游戏开发 (00:00-10:00)
[2026-03-20 22:30:01] 🎮 游戏开发时段 - 主动开发模式
[2026-03-20 22:30:01] ✅ 游戏开发进度正常
[2026-03-21 06:30:01] === 自主学习完成 ===
[2026-03-21 07:00:01] === 自主学习触发 ===
[2026-03-21 07:00:01] 时段：游戏开发 (00:00-10:00)
[2026-03-20 23:00:01] 🎮 游戏开发时段 - 主动开发模式
[2026-03-20 23:00:01] ✅ 游戏开发进度正常
[2026-03-21 07:00:01] === 自主学习完成 ===
[2026-03-21 07:30:01] === 自主学习触发 ===
[2026-03-21 07:30:01] 时段：游戏开发 (00:00-10:00)
[2026-03-20 23:30:01] 🎮 游戏开发时段 - 主动开发模式
[2026-03-20 23:30:01] ✅ 游戏开发进度正常
[2026-03-21 07:30:01] === 自主学习完成 ===
[2026-03-21 08:00:01] === 自主学习触发 ===
[2026-03-21 08:00:01] 时段：游戏开发 (00:00-10:00)
[2026-03-21 00:00:01] 🎮 游戏开发时段 - 主动开发模式
[2026-03-21 00:00:01] ✅ 游戏开发进度正常
[2026-03-21 08:00:01] === 自主学习完成 ===
[2026-03-21 08:30:01] === 自主学习触发 ===
[2026-03-21 08:30:01] 时段：游戏开发 (00:00-10:00)
[2026-03-21 00:30:01] 🎮 游戏开发时段 - 主动开发模式
[2026-03-21 00:30:01] ✅ 游戏开发进度正常
[2026-03-21 08:30:01] === 自主学习完成 ===
[2026-03-21 09:00:01] === 自主学习触发 ===
[2026-03-21 09:00:01] 时段：游戏开发 (00:00-10:00)
[2026-03-21 01:00:01] 🎮 游戏开发时段 - 主动开发模式
[2026-03-21 01:00:01] ✅ 游戏开发进度正常
[2026-03-21 09:00:01] === 自主学习完成 ===
[2026-03-21 09:30:01] === 自主学习触发 ===
[2026-03-21 09:30:01] 时段：游戏开发 (00:00-10:00)
[2026-03-21 01:30:01] 🎮 游戏开发时段 - 主动开发模式
[2026-03-21 01:30:01] ✅ 游戏开发进度正常
[2026-03-21 09:30:01] === 自主学习完成 ===
[2026-03-21 10:00:01] === 自主学习触发 ===
[2026-03-21 10:00:01] 时段：量化交易 (10:00-20:00)
[2026-03-21 02:00:01] 📈 量化交易时段 - 主动开发模式
[2026-03-21 02:00:01] ✅ 量化交易进度正常
[2026-03-21 10:00:01] === 自主学习完成 ===
[2026-03-21 10:30:01] === 自主学习触发 ===
[2026-03-21 10:30:01] 时段：量化交易 (10:00-20:00)
[2026-03-21 02:30:01] 📈 量化交易时段 - 主动开发模式
[2026-03-21 02:30:01] ✅ 量化交易进度正常
[2026-03-21 10:30:01] === 自主学习完成 ===
[2026-03-21 11:00:01] === 自主学习触发 ===
[2026-03-21 11:00:01] 时段：量化交易 (10:00-20:00)
[2026-03-21 03:00:01] 📈 量化交易时段 - 主动开发模式
[2026-03-21 03:00:01] ✅ 量化交易进度正常
[2026-03-21 11:00:01] === 自主学习完成 ===
[2026-03-21 11:30:01] === 自主学习触发 ===
[2026-03-21 11:30:01] 时段：量化交易 (10:00-20:00)
[2026-03-21 03:30:01] 📈 量化交易时段 - 主动开发模式
[2026-03-21 03:30:01] ✅ 量化交易进度正常
[2026-03-21 11:30:01] === 自主学习完成 ===
[2026-03-21 12:00:01] === 自主学习触发 ===
[2026-03-21 12:00:01] 时段：量化交易 (10:00-20:00)
[2026-03-21 04:00:01] 📈 量化交易时段 - 主动开发模式
[2026-03-21 04:00:01] ✅ 量化交易进度正常
[2026-03-21 12:00:01] === 自主学习完成 ===
[2026-03-21 12:30:01] === 自主学习触发 ===
[2026-03-21 12:30:01] 时段：量化交易 (10:00-20:00)
[2026-03-21 04:30:01] 📈 量化交易时段 - 主动开发模式
[2026-03-21 04:30:01] ✅ 量化交易进度正常
[2026-03-21 12:30:01] === 自主学习完成 ===
[2026-03-21 13:00:01] === 自主学习触发 ===
[2026-03-21 13:00:01] 时段：量化交易 (10:00-20:00)
[2026-03-21 05:00:01] 📈 量化交易时段 - 主动开发模式
[2026-03-21 05:00:01] ✅ 量化交易进度正常
[2026-03-21 13:00:01] === 自主学习完成 ===
[2026-03-21 13:30:01] === 自主学习触发 ===
[2026-03-21 13:30:01] 时段：量化交易 (10:00-20:00)
[2026-03-21 05:30:01] 📈 量化交易时段 - 主动开发模式
[2026-03-21 05:30:01] ✅ 量化交易进度正常
[2026-03-21 13:30:01] === 自主学习完成 ===
[2026-03-21 14:00:01] === 自主学习触发 ===
[2026-03-21 14:00:01] 时段：量化交易 (10:00-20:00)
[2026-03-21 06:00:01] 📈 量化交易时段 - 主动开发模式
[2026-03-21 06:00:01] ✅ 量化交易进度正常
[2026-03-21 14:00:01] === 自主学习完成 ===
[2026-03-21 14:30:01] === 自主学习触发 ===
[2026-03-21 14:30:01] 时段：量化交易 (10:00-20:00)
[2026-03-21 06:30:01] 📈 量化交易时段 - 主动开发模式
[2026-03-21 06:30:01] ✅ 量化交易进度正常
[2026-03-21 14:30:01] === 自主学习完成 ===
[2026-03-21 15:00:01] === 自主学习触发 ===
[2026-03-21 15:00:01] 时段：量化交易 (10:00-20:00)
[2026-03-21 07:00:01] 📈 量化交易时段 - 主动开发模式
[2026-03-21 07:00:01] ✅ 量化交易进度正常
[2026-03-21 15:00:01] === 自主学习完成 ===
[2026-03-21 15:30:01] === 自主学习触发 ===
[2026-03-21 15:30:01] 时段：量化交易 (10:00-20:00)
[2026-03-21 07:30:02] 📈 量化交易时段 - 主动开发模式
[2026-03-21 07:30:02] ✅ 量化交易进度正常
[2026-03-21 15:30:01] === 自主学习完成 ===
[2026-03-21 16:00:01] === 自主学习触发 ===
[2026-03-21 16:00:01] 时段：量化交易 (10:00-20:00)
[2026-03-21 08:00:01] 📈 量化交易时段 - 主动开发模式
[2026-03-21 08:00:01] ✅ 量化交易进度正常
[2026-03-21 16:00:01] === 自主学习完成 ===
[2026-03-21 16:30:01] === 自主学习触发 ===
[2026-03-21 16:30:01] 时段：量化交易 (10:00-20:00)
[2026-03-21 08:30:01] 📈 量化交易时段 - 主动开发模式
[2026-03-21 08:30:01] ✅ 量化交易进度正常
[2026-03-21 16:30:01] === 自主学习完成 ===
[2026-03-21 17:00:01] === 自主学习触发 ===
[2026-03-21 17:00:01] 时段：量化交易 (10:00-20:00)
[2026-03-21 09:00:01] 📈 量化交易时段 - 主动开发模式
[2026-03-21 09:00:01] ✅ 量化交易进度正常
[2026-03-21 17:00:01] === 自主学习完成 ===
[2026-03-21 17:30:01] === 自主学习触发 ===
[2026-03-21 17:30:01] 时段：量化交易 (10:00-20:00)
[2026-03-21 09:30:01] 📈 量化交易时段 - 主动开发模式
[2026-03-21 09:30:01] ✅ 量化交易进度正常
[2026-03-21 17:30:01] === 自主学习完成 ===
[2026-03-21 18:00:01] === 自主学习触发 ===
[2026-03-21 18:00:01] 时段：量化交易 (10:00-20:00)
[2026-03-21 10:00:01] 📈 量化交易时段 - 主动开发模式
[2026-03-21 10:00:01] ✅ 量化交易进度正常
[2026-03-21 18:00:01] === 自主学习完成 ===
[2026-03-21 18:30:01] === 自主学习触发 ===
[2026-03-21 18:30:01] 时段：量化交易 (10:00-20:00)
[2026-03-21 10:30:01] 📈 量化交易时段 - 主动开发模式
[2026-03-21 10:30:01] ✅ 量化交易进度正常
[2026-03-21 18:30:01] === 自主学习完成 ===
[2026-03-21 19:00:01] === 自主学习触发 ===
[2026-03-21 19:00:01] 时段：量化交易 (10:00-20:00)
[2026-03-21 11:00:01] 📈 量化交易时段 - 主动开发模式
[2026-03-21 11:00:01] ✅ 量化交易进度正常
[2026-03-21 19:00:01] === 自主学习完成 ===
[2026-03-21 19:30:01] === 自主学习触发 ===
[2026-03-21 19:30:01] 时段：量化交易 (10:00-20:00)
[2026-03-21 11:30:01] 📈 量化交易时段 - 主动开发模式
[2026-03-21 11:30:01] ✅ 量化交易进度正常
[2026-03-21 19:30:01] === 自主学习完成 ===
[2026-03-21 20:00:01] === 自主学习触发 ===
[2026-03-21 20:00:01] 时段：总结提升 (20:00-24:00)
[2026-03-21 12:00:01] 🧠 总结提升时段 - 主动整理模式
[2026-03-21 12:00:01] ✅ MEMORY.md 已更新（${hoursSinceUpdate.toFixed(1)}小时前）
[2026-03-21 20:00:01] === 自主学习完成 ===
[2026-03-21 20:30:01] === 自主学习触发 ===
[2026-03-21 20:30:01] 时段：总结提升 (20:00-24:00)
[2026-03-21 12:30:01] 🧠 总结提升时段 - 主动整理模式
[2026-03-21 12:30:01] ✅ MEMORY.md 已更新（${hoursSinceUpdate.toFixed(1)}小时前）
[2026-03-21 20:30:01] === 自主学习完成 ===
[2026-03-21 21:00:01] === 自主学习触发 ===
[2026-03-21 21:00:01] 时段：总结提升 (20:00-24:00)
[2026-03-21 13:00:01] 🧠 总结提升时段 - 主动整理模式
[2026-03-21 13:00:01] ✅ MEMORY.md 已更新（${hoursSinceUpdate.toFixed(1)}小时前）
[2026-03-21 21:00:01] === 自主学习完成 ===
[2026-03-21 21:30:01] === 自主学习触发 ===
[2026-03-21 21:30:01] 时段：总结提升 (20:00-24:00)
[2026-03-21 13:30:01] 🧠 总结提升时段 - 主动整理模式
[2026-03-21 13:30:01] ✅ MEMORY.md 已更新（${hoursSinceUpdate.toFixed(1)}小时前）
[2026-03-21 21:30:01] === 自主学习完成 ===
[2026-03-21 22:00:01] === 自主学习触发 ===
[2026-03-21 22:00:01] 时段：总结提升 (20:00-24:00)
[2026-03-21 14:00:01] 🧠 总结提升时段 - 主动整理模式
[2026-03-21 14:00:01] ✅ MEMORY.md 已更新（${hoursSinceUpdate.toFixed(1)}小时前）
[2026-03-21 14:00:01] ⏰ 22:00 时段，进化报告将由 cron 自动触发
[2026-03-21 22:00:01] === 自主学习完成 ===
[2026-03-21 22:30:01] === 自主学习触发 ===
[2026-03-21 22:30:01] 时段：总结提升 (20:00-24:00)
[2026-03-21 14:30:01] 🧠 总结提升时段 - 主动整理模式
[2026-03-21 14:30:01] ✅ MEMORY.md 已更新（${hoursSinceUpdate.toFixed(1)}小时前）
[2026-03-21 14:30:01] ⏰ 22:00 时段，进化报告将由 cron 自动触发
[2026-03-21 22:30:01] === 自主学习完成 ===
[2026-03-21 23:00:01] === 自主学习触发 ===
[2026-03-21 23:00:01] 时段：总结提升 (20:00-24:00)
[2026-03-21 15:00:01] 🧠 总结提升时段 - 主动整理模式
[2026-03-21 15:00:01] ✅ MEMORY.md 已更新（${hoursSinceUpdate.toFixed(1)}小时前）
[2026-03-21 15:00:01] ⏰ 22:00 时段，进化报告将由 cron 自动触发
[2026-03-21 23:00:01] === 自主学习完成 ===
[2026-03-21 23:30:01] === 自主学习触发 ===
[2026-03-21 23:30:01] 时段：总结提升 (20:00-24:00)
[2026-03-21 15:30:01] 🧠 总结提升时段 - 主动整理模式
[2026-03-21 15:30:01] ✅ MEMORY.md 已更新（${hoursSinceUpdate.toFixed(1)}小时前）
[2026-03-21 15:30:01] ⏰ 22:00 时段，进化报告将由 cron 自动触发
[2026-03-21 23:30:01] === 自主学习完成 ===
[2026-03-22 00:00:01] === 自主学习触发 ===
[2026-03-22 00:00:01] 时段：游戏开发 (00:00-10:00)
[2026-03-21 16:00:01] 🎮 游戏开发时段 - 主动开发模式
[2026-03-21 16:00:01] ✅ 游戏开发进度正常
[2026-03-22 00:00:01] === 自主学习完成 ===
[2026-03-22 00:30:01] === 自主学习触发 ===
[2026-03-22 00:30:01] 时段：游戏开发 (00:00-10:00)
[2026-03-21 16:30:01] 🎮 游戏开发时段 - 主动开发模式
[2026-03-21 16:30:01] ✅ 游戏开发进度正常
[2026-03-22 00:30:01] === 自主学习完成 ===
[2026-03-22 01:00:01] === 自主学习触发 ===
[2026-03-22 01:00:01] 时段：游戏开发 (00:00-10:00)
[2026-03-21 17:00:01] 🎮 游戏开发时段 - 主动开发模式
[2026-03-21 17:00:01] ✅ 游戏开发进度正常
[2026-03-22 01:00:01] === 自主学习完成 ===
[2026-03-22 01:30:01] === 自主学习触发 ===
[2026-03-22 01:30:01] 时段：游戏开发 (00:00-10:00)
[2026-03-21 17:30:01] 🎮 游戏开发时段 - 主动开发模式
[2026-03-21 17:30:01] ✅ 游戏开发进度正常
[2026-03-22 01:30:01] === 自主学习完成 ===
[2026-03-22 02:00:01] === 自主学习触发 ===
[2026-03-22 02:00:01] 时段：游戏开发 (00:00-10:00)
[2026-03-21 18:00:01] 🎮 游戏开发时段 - 主动开发模式
[2026-03-21 18:00:01] ✅ 游戏开发进度正常
[2026-03-22 02:00:01] === 自主学习完成 ===
[2026-03-22 02:30:01] === 自主学习触发 ===
[2026-03-22 02:30:01] 时段：游戏开发 (00:00-10:00)
[2026-03-21 18:30:01] 🎮 游戏开发时段 - 主动开发模式
[2026-03-21 18:30:01] ✅ 游戏开发进度正常
[2026-03-22 02:30:01] === 自主学习完成 ===
[2026-03-22 03:00:01] === 自主学习触发 ===
[2026-03-22 03:00:01] 时段：游戏开发 (00:00-10:00)
[2026-03-21 19:00:01] 🎮 游戏开发时段 - 主动开发模式
[2026-03-21 19:00:01] ✅ 游戏开发进度正常
[2026-03-22 03:00:01] === 自主学习完成 ===
[2026-03-22 03:30:01] === 自主学习触发 ===
[2026-03-22 03:30:01] 时段：游戏开发 (00:00-10:00)
[2026-03-21 19:30:01] 🎮 游戏开发时段 - 主动开发模式
[2026-03-21 19:30:01] ✅ 游戏开发进度正常
[2026-03-22 03:30:01] === 自主学习完成 ===
[2026-03-22 04:00:01] === 自主学习触发 ===
[2026-03-22 04:00:01] 时段：游戏开发 (00:00-10:00)
[2026-03-21 20:00:01] 🎮 游戏开发时段 - 主动开发模式
[2026-03-21 20:00:01] ✅ 游戏开发进度正常
[2026-03-22 04:00:01] === 自主学习完成 ===
[2026-03-22 04:30:01] === 自主学习触发 ===
[2026-03-22 04:30:01] 时段：游戏开发 (00:00-10:00)
[2026-03-21 20:30:01] 🎮 游戏开发时段 - 主动开发模式
[2026-03-21 20:30:01] ✅ 游戏开发进度正常
[2026-03-22 04:30:01] === 自主学习完成 ===
[2026-03-22 05:00:01] === 自主学习触发 ===
[2026-03-22 05:00:01] 时段：游戏开发 (00:00-10:00)
[2026-03-21 21:00:01] 🎮 游戏开发时段 - 主动开发模式
[2026-03-21 21:00:01] ✅ 游戏开发进度正常
[2026-03-22 05:00:01] === 自主学习完成 ===
[2026-03-22 05:30:01] === 自主学习触发 ===
[2026-03-22 05:30:01] 时段：游戏开发 (00:00-10:00)
[2026-03-21 21:30:01] 🎮 游戏开发时段 - 主动开发模式
[2026-03-21 21:30:01] ✅ 游戏开发进度正常
[2026-03-22 05:30:01] === 自主学习完成 ===
[2026-03-22 06:00:01] === 自主学习触发 ===
[2026-03-22 06:00:01] 时段：游戏开发 (00:00-10:00)
[2026-03-21 22:00:01] 🎮 游戏开发时段 - 主动开发模式
[2026-03-21 22:00:01] ✅ 游戏开发进度正常
[2026-03-22 06:00:01] === 自主学习完成 ===
[2026-03-22 06:30:01] === 自主学习触发 ===
[2026-03-22 06:30:01] 时段：游戏开发 (00:00-10:00)
[2026-03-21 22:30:01] 🎮 游戏开发时段 - 主动开发模式
[2026-03-21 22:30:01] ✅ 游戏开发进度正常
[2026-03-22 06:30:01] === 自主学习完成 ===
[2026-03-22 07:00:01] === 自主学习触发 ===
[2026-03-22 07:00:01] 时段：游戏开发 (00:00-10:00)
[2026-03-21 23:00:01] 🎮 游戏开发时段 - 主动开发模式
[2026-03-21 23:00:01] ✅ 游戏开发进度正常
[2026-03-22 07:00:01] === 自主学习完成 ===
[2026-03-22 07:30:01] === 自主学习触发 ===
[2026-03-22 07:30:01] 时段：游戏开发 (00:00-10:00)
[2026-03-21 23:30:01] 🎮 游戏开发时段 - 主动开发模式
[2026-03-21 23:30:01] ✅ 游戏开发进度正常
[2026-03-22 07:30:01] === 自主学习完成 ===
[2026-03-22 08:00:01] === 自主学习触发 ===
[2026-03-22 08:00:01] 时段：游戏开发 (00:00-10:00)
[2026-03-22 00:00:01] 🎮 游戏开发时段 - 主动开发模式
[2026-03-22 00:00:01] ✅ 游戏开发进度正常
[2026-03-22 08:00:01] === 自主学习完成 ===
[2026-03-22 08:30:01] === 自主学习触发 ===
[2026-03-22 08:30:01] 时段：游戏开发 (00:00-10:00)
[2026-03-22 00:30:01] 🎮 游戏开发时段 - 主动开发模式
[2026-03-22 00:30:01] ✅ 游戏开发进度正常
[2026-03-22 08:30:01] === 自主学习完成 ===
[2026-03-22 09:00:01] === 自主学习触发 ===
[2026-03-22 09:00:01] 时段：游戏开发 (00:00-10:00)
[2026-03-22 01:00:01] 🎮 游戏开发时段 - 主动开发模式
[2026-03-22 01:00:01] ✅ 游戏开发进度正常
[2026-03-22 09:00:01] === 自主学习完成 ===
[2026-03-22 09:30:01] === 自主学习触发 ===
[2026-03-22 09:30:01] 时段：游戏开发 (00:00-10:00)
[2026-03-22 01:30:01] 🎮 游戏开发时段 - 主动开发模式
[2026-03-22 01:30:01] ✅ 游戏开发进度正常
[2026-03-22 09:30:01] === 自主学习完成 ===
[2026-03-22 10:00:01] === 自主学习触发 ===
[2026-03-22 10:00:01] 时段：量化交易 (10:00-20:00)
[2026-03-22 02:00:02] 📈 量化交易时段 - 主动开发模式
[2026-03-22 02:00:02] ✅ 量化交易进度正常
[2026-03-22 10:00:01] === 自主学习完成 ===
[2026-03-22 10:30:01] === 自主学习触发 ===
[2026-03-22 10:30:01] 时段：量化交易 (10:00-20:00)
[2026-03-22 02:30:01] 📈 量化交易时段 - 主动开发模式
[2026-03-22 02:30:01] ✅ 量化交易进度正常
[2026-03-22 10:30:01] === 自主学习完成 ===
[2026-03-22 11:00:01] === 自主学习触发 ===
[2026-03-22 11:00:01] 时段：量化交易 (10:00-20:00)
[2026-03-22 03:00:01] 📈 量化交易时段 - 主动开发模式
[2026-03-22 03:00:01] ✅ 量化交易进度正常
[2026-03-22 11:00:01] === 自主学习完成 ===
[2026-03-22 11:30:01] === 自主学习触发 ===
[2026-03-22 11:30:01] 时段：量化交易 (10:00-20:00)
[2026-03-22 03:30:01] 📈 量化交易时段 - 主动开发模式
[2026-03-22 03:30:01] ✅ 量化交易进度正常
[2026-03-22 11:30:01] === 自主学习完成 ===
[2026-03-22 12:00:01] === 自主学习触发 ===
[2026-03-22 12:00:01] 时段：量化交易 (10:00-20:00)
[2026-03-22 04:00:01] 📈 量化交易时段 - 主动开发模式
[2026-03-22 04:00:01] ✅ 量化交易进度正常
[2026-03-22 12:00:01] === 自主学习完成 ===
[2026-03-22 12:30:01] === 自主学习触发 ===
[2026-03-22 12:30:01] 时段：量化交易 (10:00-20:00)
[2026-03-22 04:30:01] 📈 量化交易时段 - 主动开发模式
[2026-03-22 04:30:01] ✅ 量化交易进度正常
[2026-03-22 12:30:01] === 自主学习完成 ===
[2026-03-22 13:00:01] === 自主学习触发 ===
[2026-03-22 13:00:01] 时段：量化交易 (10:00-20:00)
[2026-03-22 05:00:01] 📈 量化交易时段 - 主动开发模式
[2026-03-22 05:00:01] ✅ 量化交易进度正常
[2026-03-22 13:00:01] === 自主学习完成 ===
[2026-03-22 13:30:01] === 自主学习触发 ===
[2026-03-22 13:30:01] 时段：量化交易 (10:00-20:00)
[2026-03-22 05:30:01] 📈 量化交易时段 - 主动开发模式
[2026-03-22 05:30:01] ✅ 量化交易进度正常
[2026-03-22 13:30:01] === 自主学习完成 ===
[2026-03-22 14:00:01] === 自主学习触发 ===
[2026-03-22 14:00:01] 时段：量化交易 (10:00-20:00)
[2026-03-22 06:00:01] 📈 量化交易时段 - 主动开发模式
[2026-03-22 06:00:01] ✅ 量化交易进度正常
[2026-03-22 14:00:01] === 自主学习完成 ===
[2026-03-22 14:30:01] === 自主学习触发 ===
[2026-03-22 14:30:01] 时段：量化交易 (10:00-20:00)
[2026-03-22 06:30:01] 📈 量化交易时段 - 主动开发模式
[2026-03-22 06:30:01] ✅ 量化交易进度正常
[2026-03-22 14:30:01] === 自主学习完成 ===
[2026-03-22 15:00:01] === 自主学习触发 ===
[2026-03-22 15:00:01] 时段：量化交易 (10:00-20:00)
[2026-03-22 07:00:01] 📈 量化交易时段 - 主动开发模式
[2026-03-22 07:00:01] ✅ 量化交易进度正常
[2026-03-22 15:00:01] === 自主学习完成 ===
[2026-03-22 15:30:01] === 自主学习触发 ===
[2026-03-22 15:30:01] 时段：量化交易 (10:00-20:00)
[2026-03-22 07:30:01] 📈 量化交易时段 - 主动开发模式
[2026-03-22 07:30:01] ✅ 量化交易进度正常
[2026-03-22 15:30:01] === 自主学习完成 ===
[2026-03-22 16:00:01] === 自主学习触发 ===
[2026-03-22 16:00:01] 时段：量化交易 (10:00-20:00)
[2026-03-22 08:00:01] 📈 量化交易时段 - 主动开发模式
[2026-03-22 08:00:01] ✅ 量化交易进度正常
[2026-03-22 16:00:01] === 自主学习完成 ===
[2026-03-22 16:30:01] === 自主学习触发 ===
[2026-03-22 16:30:01] 时段：量化交易 (10:00-20:00)
[2026-03-22 08:30:01] 📈 量化交易时段 - 主动开发模式
[2026-03-22 08:30:01] ✅ 量化交易进度正常
[2026-03-22 16:30:01] === 自主学习完成 ===
[2026-03-22 17:00:01] === 自主学习触发 ===
[2026-03-22 17:00:01] 时段：量化交易 (10:00-20:00)
[2026-03-22 09:00:01] 📈 量化交易时段 - 主动开发模式
[2026-03-22 09:00:01] ✅ 量化交易进度正常
[2026-03-22 17:00:01] === 自主学习完成 ===
[2026-03-22 17:30:01] === 自主学习触发 ===
[2026-03-22 17:30:01] 时段：量化交易 (10:00-20:00)
[2026-03-22 09:30:01] 📈 量化交易时段 - 主动开发模式
[2026-03-22 09:30:01] ✅ 量化交易进度正常
[2026-03-22 17:30:01] === 自主学习完成 ===
[2026-03-22 18:00:01] === 自主学习触发 ===
[2026-03-22 18:00:01] 时段：量化交易 (10:00-20:00)
[2026-03-22 10:00:01] 📈 量化交易时段 - 主动开发模式
[2026-03-22 10:00:01] ✅ 量化交易进度正常
[2026-03-22 18:00:01] === 自主学习完成 ===
[2026-03-22 18:30:01] === 自主学习触发 ===
[2026-03-22 18:30:01] 时段：量化交易 (10:00-20:00)
[2026-03-22 10:30:01] 📈 量化交易时段 - 主动开发模式
[2026-03-22 10:30:01] ✅ 量化交易进度正常
[2026-03-22 18:30:01] === 自主学习完成 ===
[2026-03-22 19:00:01] === 自主学习触发 ===
[2026-03-22 19:00:01] 时段：量化交易 (10:00-20:00)
[2026-03-22 11:00:01] 📈 量化交易时段 - 主动开发模式
[2026-03-22 11:00:01] ✅ 量化交易进度正常
[2026-03-22 19:00:01] === 自主学习完成 ===
[2026-03-22 19:30:01] === 自主学习触发 ===
[2026-03-22 19:30:01] 时段：量化交易 (10:00-20:00)
[2026-03-22 11:30:01] 📈 量化交易时段 - 主动开发模式
[2026-03-22 11:30:01] ✅ 量化交易进度正常
[2026-03-22 19:30:01] === 自主学习完成 ===
[2026-03-22 20:00:01] === 自主学习触发 ===
[2026-03-22 20:00:01] 时段：总结提升 (20:00-24:00)
[2026-03-22 12:00:01] 🧠 总结提升时段 - 主动整理模式
[2026-03-22 12:00:01] ✅ MEMORY.md 已更新（${hoursSinceUpdate.toFixed(1)}小时前）
[2026-03-22 20:00:01] === 自主学习完成 ===
[2026-03-22 20:30:01] === 自主学习触发 ===
[2026-03-22 20:30:01] 时段：总结提升 (20:00-24:00)
[2026-03-22 12:30:01] 🧠 总结提升时段 - 主动整理模式
[2026-03-22 12:30:01] ✅ MEMORY.md 已更新（${hoursSinceUpdate.toFixed(1)}小时前）
[2026-03-22 20:30:01] === 自主学习完成 ===
[2026-03-22 21:00:01] === 自主学习触发 ===
[2026-03-22 21:00:01] 时段：总结提升 (20:00-24:00)
[2026-03-22 13:00:01] 🧠 总结提升时段 - 主动整理模式
[2026-03-22 13:00:01] ✅ MEMORY.md 已更新（${hoursSinceUpdate.toFixed(1)}小时前）
[2026-03-22 21:00:01] === 自主学习完成 ===
[2026-03-22 21:30:01] === 自主学习触发 ===
[2026-03-22 21:30:01] 时段：总结提升 (20:00-24:00)
[2026-03-22 13:30:01] 🧠 总结提升时段 - 主动整理模式
[2026-03-22 13:30:01] ✅ MEMORY.md 已更新（${hoursSinceUpdate.toFixed(1)}小时前）
[2026-03-22 21:30:01] === 自主学习完成 ===
[2026-03-22 22:00:01] === 自主学习触发 ===
[2026-03-22 22:00:01] 时段：总结提升 (20:00-24:00)
[2026-03-22 14:00:01] 🧠 总结提升时段 - 主动整理模式
[2026-03-22 14:00:01] 📝 MEMORY.md 超过 24 小时未更新，需要整理
[2026-03-22 14:00:01] ⏰ 22:00 时段，进化报告将由 cron 自动触发
[2026-03-22 22:00:01] === 自主学习完成 ===
[2026-03-22 22:30:01] === 自主学习触发 ===
[2026-03-22 22:30:01] 时段：总结提升 (20:00-24:00)
[2026-03-22 14:30:01] 🧠 总结提升时段 - 主动整理模式
[2026-03-22 14:30:01] ✅ MEMORY.md 已更新（${hoursSinceUpdate.toFixed(1)}小时前）
[2026-03-22 14:30:01] ⏰ 22:00 时段，进化报告将由 cron 自动触发
[2026-03-22 22:30:01] === 自主学习完成 ===
[2026-03-22 23:00:01] === 自主学习触发 ===
[2026-03-22 23:00:01] 时段：总结提升 (20:00-24:00)
[2026-03-22 15:00:01] 🧠 总结提升时段 - 主动整理模式
[2026-03-22 15:00:01] ✅ MEMORY.md 已更新（${hoursSinceUpdate.toFixed(1)}小时前）
[2026-03-22 15:00:01] ⏰ 22:00 时段，进化报告将由 cron 自动触发
[2026-03-22 23:00:01] === 自主学习完成 ===
[2026-03-22 23:30:01] === 自主学习触发 ===
[2026-03-22 23:30:01] 时段：总结提升 (20:00-24:00)
[2026-03-22 15:30:01] 🧠 总结提升时段 - 主动整理模式
[2026-03-22 15:30:01] ✅ MEMORY.md 已更新（${hoursSinceUpdate.toFixed(1)}小时前）
[2026-03-22 15:30:01] ⏰ 22:00 时段，进化报告将由 cron 自动触发
[2026-03-22 23:30:01] === 自主学习完成 ===
[2026-03-23 00:00:01] === 自主学习触发 ===
[2026-03-23 00:00:01] 时段：游戏开发 (00:00-10:00)
[2026-03-22 16:00:01] 🎮 游戏开发时段 - 主动开发模式
[2026-03-22 16:00:01] ✅ 游戏开发进度正常
[2026-03-23 00:00:01] === 自主学习完成 ===
[2026-03-23 00:30:01] === 自主学习触发 ===
[2026-03-23 00:30:01] 时段：游戏开发 (00:00-10:00)
[2026-03-22 16:30:01] 🎮 游戏开发时段 - 主动开发模式
[2026-03-22 16:30:01] ✅ 游戏开发进度正常
[2026-03-23 00:30:01] === 自主学习完成 ===
[2026-03-23 01:00:01] === 自主学习触发 ===
[2026-03-23 01:00:01] 时段：游戏开发 (00:00-10:00)
[2026-03-22 17:00:01] 🎮 游戏开发时段 - 主动开发模式
[2026-03-22 17:00:01] ✅ 游戏开发进度正常
[2026-03-23 01:00:01] === 自主学习完成 ===
[2026-03-23 01:30:01] === 自主学习触发 ===
[2026-03-23 01:30:01] 时段：游戏开发 (00:00-10:00)
[2026-03-22 17:30:01] 🎮 游戏开发时段 - 主动开发模式
[2026-03-22 17:30:01] ✅ 游戏开发进度正常
[2026-03-23 01:30:01] === 自主学习完成 ===
[2026-03-23 02:00:01] === 自主学习触发 ===
[2026-03-23 02:00:01] 时段：游戏开发 (00:00-10:00)
[2026-03-22 18:00:01] 🎮 游戏开发时段 - 主动开发模式
[2026-03-22 18:00:01] ✅ 游戏开发进度正常
[2026-03-23 02:00:01] === 自主学习完成 ===
[2026-03-23 02:30:01] === 自主学习触发 ===
[2026-03-23 02:30:01] 时段：游戏开发 (00:00-10:00)
[2026-03-22 18:30:01] 🎮 游戏开发时段 - 主动开发模式
[2026-03-22 18:30:01] ✅ 游戏开发进度正常
[2026-03-23 02:30:01] === 自主学习完成 ===
[2026-03-23 03:00:01] === 自主学习触发 ===
[2026-03-23 03:00:01] 时段：游戏开发 (00:00-10:00)
[2026-03-22 19:00:01] 🎮 游戏开发时段 - 主动开发模式
[2026-03-22 19:00:01] ✅ 游戏开发进度正常
[2026-03-23 03:00:01] === 自主学习完成 ===
[2026-03-23 03:30:01] === 自主学习触发 ===
[2026-03-23 03:30:01] 时段：游戏开发 (00:00-10:00)
[2026-03-22 19:30:01] 🎮 游戏开发时段 - 主动开发模式
[2026-03-22 19:30:01] ✅ 游戏开发进度正常
[2026-03-23 03:30:01] === 自主学习完成 ===
[2026-03-23 04:00:01] === 自主学习触发 ===
[2026-03-23 04:00:01] 时段：游戏开发 (00:00-10:00)
[2026-03-22 20:00:01] 🎮 游戏开发时段 - 主动开发模式
[2026-03-22 20:00:01] ✅ 游戏开发进度正常
[2026-03-23 04:00:01] === 自主学习完成 ===
[2026-03-23 04:30:01] === 自主学习触发 ===
[2026-03-23 04:30:01] 时段：游戏开发 (00:00-10:00)
[2026-03-22 20:30:01] 🎮 游戏开发时段 - 主动开发模式
[2026-03-22 20:30:01] ✅ 游戏开发进度正常
[2026-03-23 04:30:01] === 自主学习完成 ===
[2026-03-23 05:00:01] === 自主学习触发 ===
[2026-03-23 05:00:01] 时段：游戏开发 (00:00-10:00)
[2026-03-22 21:00:01] 🎮 游戏开发时段 - 主动开发模式
[2026-03-22 21:00:01] ✅ 游戏开发进度正常
[2026-03-23 05:00:01] === 自主学习完成 ===
[2026-03-23 05:30:01] === 自主学习触发 ===
[2026-03-23 05:30:01] 时段：游戏开发 (00:00-10:00)
[2026-03-22 21:30:01] 🎮 游戏开发时段 - 主动开发模式
[2026-03-22 21:30:01] ✅ 游戏开发进度正常
[2026-03-23 05:30:01] === 自主学习完成 ===
[2026-03-23 06:00:01] === 自主学习触发 ===
[2026-03-23 06:00:01] 时段：游戏开发 (00:00-10:00)
[2026-03-22 22:00:01] 🎮 游戏开发时段 - 主动开发模式
[2026-03-22 22:00:01] ✅ 游戏开发进度正常
[2026-03-23 06:00:01] === 自主学习完成 ===
[2026-03-23 06:30:01] === 自主学习触发 ===
[2026-03-23 06:30:01] 时段：游戏开发 (00:00-10:00)
[2026-03-22 22:30:01] 🎮 游戏开发时段 - 主动开发模式
[2026-03-22 22:30:01] ✅ 游戏开发进度正常
[2026-03-23 06:30:01] === 自主学习完成 ===
[2026-03-23 07:00:01] === 自主学习触发 ===
[2026-03-23 07:00:01] 时段：游戏开发 (00:00-10:00)
[2026-03-22 23:00:01] 🎮 游戏开发时段 - 主动开发模式
[2026-03-22 23:00:01] ✅ 游戏开发进度正常
[2026-03-23 07:00:01] === 自主学习完成 ===
[2026-03-23 07:30:01] === 自主学习触发 ===
[2026-03-23 07:30:01] 时段：游戏开发 (00:00-10:00)
[2026-03-22 23:30:01] 🎮 游戏开发时段 - 主动开发模式
[2026-03-22 23:30:01] ✅ 游戏开发进度正常
[2026-03-23 07:30:01] === 自主学习完成 ===
[2026-03-23 08:00:01] === 自主学习触发 ===
[2026-03-23 08:00:01] 时段：游戏开发 (00:00-10:00)
[2026-03-23 00:00:01] 🎮 游戏开发时段 - 主动开发模式
[2026-03-23 00:00:01] ✅ 游戏开发进度正常
[2026-03-23 08:00:01] === 自主学习完成 ===
[2026-03-23 08:30:01] === 自主学习触发 ===
[2026-03-23 08:30:01] 时段：游戏开发 (00:00-10:00)
[2026-03-23 00:30:01] 🎮 游戏开发时段 - 主动开发模式
[2026-03-23 00:30:01] ✅ 游戏开发进度正常
[2026-03-23 08:30:01] === 自主学习完成 ===
[2026-03-23 09:00:01] === 自主学习触发 ===
[2026-03-23 09:00:01] 时段：游戏开发 (00:00-10:00)
[2026-03-23 01:00:01] 🎮 游戏开发时段 - 主动开发模式
[2026-03-23 01:00:01] ✅ 游戏开发进度正常
[2026-03-23 09:00:01] === 自主学习完成 ===
[2026-03-23 09:30:01] === 自主学习触发 ===
[2026-03-23 09:30:01] 时段：游戏开发 (00:00-10:00)
[2026-03-23 01:30:01] 🎮 游戏开发时段 - 主动开发模式
[2026-03-23 01:30:01] ✅ 游戏开发进度正常
[2026-03-23 09:30:01] === 自主学习完成 ===
[2026-03-23 10:00:01] === 自主学习触发 ===
[2026-03-23 10:00:01] 时段：量化交易 (10:00-20:00)
[2026-03-23 02:00:01] 📈 量化交易时段 - 主动开发模式
[2026-03-23 02:00:01] ✅ 量化交易进度正常
[2026-03-23 10:00:01] === 自主学习完成 ===
[2026-03-23 10:30:01] === 自主学习触发 ===
[2026-03-23 10:30:01] 时段：量化交易 (10:00-20:00)
[2026-03-23 02:30:01] 📈 量化交易时段 - 主动开发模式
[2026-03-23 02:30:01] ✅ 量化交易进度正常
[2026-03-23 10:30:01] === 自主学习完成 ===
[2026-03-23 11:00:01] === 自主学习触发 ===
[2026-03-23 11:00:01] 时段：量化交易 (10:00-20:00)
[2026-03-23 03:00:01] 📈 量化交易时段 - 主动开发模式
[2026-03-23 03:00:01] ✅ 量化交易进度正常
[2026-03-23 11:00:01] === 自主学习完成 ===
[2026-03-23 11:30:01] === 自主学习触发 ===
[2026-03-23 11:30:01] 时段：量化交易 (10:00-20:00)
[2026-03-23 03:30:01] 📈 量化交易时段 - 主动开发模式
[2026-03-23 03:30:01] ✅ 量化交易进度正常
[2026-03-23 11:30:01] === 自主学习完成 ===
[2026-03-23 12:00:01] === 自主学习触发 ===
[2026-03-23 12:00:01] 时段：量化交易 (10:00-20:00)
[2026-03-23 04:00:01] 📈 量化交易时段 - 主动开发模式
[2026-03-23 04:00:01] ✅ 量化交易进度正常
[2026-03-23 12:00:01] === 自主学习完成 ===
[2026-03-23 12:30:01] === 自主学习触发 ===
[2026-03-23 12:30:01] 时段：量化交易 (10:00-20:00)
[2026-03-23 04:30:01] 📈 量化交易时段 - 主动开发模式
[2026-03-23 04:30:01] ✅ 量化交易进度正常
[2026-03-23 12:30:01] === 自主学习完成 ===
[2026-03-23 13:00:01] === 自主学习触发 ===
[2026-03-23 13:00:01] 时段：量化交易 (10:00-20:00)
[2026-03-23 05:00:01] 📈 量化交易时段 - 主动开发模式
[2026-03-23 05:00:01] ✅ 量化交易进度正常
[2026-03-23 13:00:01] === 自主学习完成 ===
[2026-03-23 13:30:01] === 自主学习触发 ===
[2026-03-23 13:30:01] 时段：量化交易 (10:00-20:00)
[2026-03-23 05:30:01] 📈 量化交易时段 - 主动开发模式
[2026-03-23 05:30:01] ✅ 量化交易进度正常
[2026-03-23 13:30:01] === 自主学习完成 ===
[2026-03-23 14:00:01] === 自主学习触发 ===
[2026-03-23 14:00:01] 时段：量化交易 (10:00-20:00)
[2026-03-23 06:00:01] 📈 量化交易时段 - 主动开发模式
[2026-03-23 06:00:01] ✅ 量化交易进度正常
[2026-03-23 14:00:01] === 自主学习完成 ===
[2026-03-23 14:30:01] === 自主学习触发 ===
[2026-03-23 14:30:01] 时段：量化交易 (10:00-20:00)
[2026-03-23 06:30:01] 📈 量化交易时段 - 主动开发模式
[2026-03-23 06:30:01] ✅ 量化交易进度正常
[2026-03-23 14:30:01] === 自主学习完成 ===
[2026-03-23 15:00:01] === 自主学习触发 ===
[2026-03-23 15:00:01] 时段：量化交易 (10:00-20:00)
[2026-03-23 07:00:01] 📈 量化交易时段 - 主动开发模式
[2026-03-23 07:00:01] ✅ 量化交易进度正常
[2026-03-23 15:00:01] === 自主学习完成 ===
[2026-03-23 15:30:01] === 自主学习触发 ===
[2026-03-23 15:30:01] 时段：量化交易 (10:00-20:00)
[2026-03-23 07:30:02] 📈 量化交易时段 - 主动开发模式
[2026-03-23 07:30:02] ✅ 量化交易进度正常
[2026-03-23 15:30:01] === 自主学习完成 ===
[2026-03-23 16:00:01] === 自主学习触发 ===
[2026-03-23 16:00:01] 时段：量化交易 (10:00-20:00)
[2026-03-23 08:00:01] 📈 量化交易时段 - 主动开发模式
[2026-03-23 08:00:01] ✅ 量化交易进度正常
[2026-03-23 16:00:01] === 自主学习完成 ===
[2026-03-23 16:30:01] === 自主学习触发 ===
[2026-03-23 16:30:01] 时段：量化交易 (10:00-20:00)
[2026-03-23 08:30:01] 📈 量化交易时段 - 主动开发模式
[2026-03-23 08:30:01] ✅ 量化交易进度正常
[2026-03-23 16:30:01] === 自主学习完成 ===
[2026-03-23 17:00:01] === 自主学习触发 ===
[2026-03-23 17:00:01] 时段：量化交易 (10:00-20:00)
[2026-03-23 09:00:01] 📈 量化交易时段 - 主动开发模式
[2026-03-23 09:00:01] ✅ 量化交易进度正常
[2026-03-23 17:00:01] === 自主学习完成 ===
[2026-03-23 17:30:01] === 自主学习触发 ===
[2026-03-23 17:30:01] 时段：量化交易 (10:00-20:00)
[2026-03-23 09:30:01] 📈 量化交易时段 - 主动开发模式
[2026-03-23 09:30:01] ✅ 量化交易进度正常
[2026-03-23 17:30:01] === 自主学习完成 ===
[2026-03-23 18:00:01] === 自主学习触发 ===
[2026-03-23 18:00:01] 时段：量化交易 (10:00-20:00)
[2026-03-23 10:00:01] 📈 量化交易时段 - 主动开发模式
[2026-03-23 10:00:01] ✅ 量化交易进度正常
[2026-03-23 18:00:01] === 自主学习完成 ===
[2026-03-23 18:30:01] === 自主学习触发 ===
[2026-03-23 18:30:01] 时段：量化交易 (10:00-20:00)
[2026-03-23 10:30:01] 📈 量化交易时段 - 主动开发模式
[2026-03-23 10:30:01] ✅ 量化交易进度正常
[2026-03-23 18:30:01] === 自主学习完成 ===
[2026-03-23 19:00:01] === 自主学习触发 ===
[2026-03-23 19:00:01] 时段：量化交易 (10:00-20:00)
[2026-03-23 11:00:01] 📈 量化交易时段 - 主动开发模式
[2026-03-23 11:00:01] ✅ 量化交易进度正常
[2026-03-23 19:00:01] === 自主学习完成 ===
[2026-03-23 19:30:01] === 自主学习触发 ===
[2026-03-23 19:30:01] 时段：量化交易 (10:00-20:00)
[2026-03-23 11:30:01] 📈 量化交易时段 - 主动开发模式
[2026-03-23 11:30:01] ✅ 量化交易进度正常
[2026-03-23 19:30:01] === 自主学习完成 ===
[2026-03-23 20:00:01] === 自主学习触发 ===
[2026-03-23 20:00:01] 时段：总结提升 (20:00-24:00)
[2026-03-23 12:00:01] 🧠 总结提升时段 - 主动整理模式
[2026-03-23 12:00:01] ✅ MEMORY.md 已更新（${hoursSinceUpdate.toFixed(1)}小时前）
[2026-03-23 20:00:01] === 自主学习完成 ===
[2026-03-23 20:30:01] === 自主学习触发 ===
[2026-03-23 20:30:01] 时段：总结提升 (20:00-24:00)
[2026-03-23 12:30:01] 🧠 总结提升时段 - 主动整理模式
[2026-03-23 12:30:01] ✅ MEMORY.md 已更新（${hoursSinceUpdate.toFixed(1)}小时前）
[2026-03-23 20:30:01] === 自主学习完成 ===
[2026-03-23 21:00:01] === 自主学习触发 ===
[2026-03-23 21:00:01] 时段：总结提升 (20:00-24:00)
[2026-03-23 13:00:01] 🧠 总结提升时段 - 主动整理模式
[2026-03-23 13:00:01] ✅ MEMORY.md 已更新（${hoursSinceUpdate.toFixed(1)}小时前）
[2026-03-23 21:00:01] === 自主学习完成 ===
[2026-03-23 21:30:01] === 自主学习触发 ===
[2026-03-23 21:30:01] 时段：总结提升 (20:00-24:00)
[2026-03-23 13:30:01] 🧠 总结提升时段 - 主动整理模式
[2026-03-23 13:30:01] ✅ MEMORY.md 已更新（${hoursSinceUpdate.toFixed(1)}小时前）
[2026-03-23 21:30:01] === 自主学习完成 ===
[2026-03-23 22:00:01] === 自主学习触发 ===
[2026-03-23 22:00:01] 时段：总结提升 (20:00-24:00)
[2026-03-23 14:00:01] 🧠 总结提升时段 - 主动整理模式
[2026-03-23 14:00:01] ✅ MEMORY.md 已更新（${hoursSinceUpdate.toFixed(1)}小时前）
[2026-03-23 14:00:01] ⏰ 22:00 时段，进化报告将由 cron 自动触发
[2026-03-23 22:00:01] === 自主学习完成 ===
[2026-03-23 22:30:01] === 自主学习触发 ===
[2026-03-23 22:30:01] 时段：总结提升 (20:00-24:00)
[2026-03-23 14:30:01] 🧠 总结提升时段 - 主动整理模式
[2026-03-23 14:30:01] ✅ MEMORY.md 已更新（${hoursSinceUpdate.toFixed(1)}小时前）
[2026-03-23 14:30:01] ⏰ 22:00 时段，进化报告将由 cron 自动触发
[2026-03-23 22:30:01] === 自主学习完成 ===
[2026-03-23 23:00:01] === 自主学习触发 ===
[2026-03-23 23:00:01] 时段：总结提升 (20:00-24:00)
[2026-03-23 15:00:01] 🧠 总结提升时段 - 主动整理模式
[2026-03-23 15:00:01] ✅ MEMORY.md 已更新（${hoursSinceUpdate.toFixed(1)}小时前）
[2026-03-23 15:00:01] ⏰ 22:00 时段，进化报告将由 cron 自动触发
[2026-03-23 23:00:01] === 自主学习完成 ===
[2026-03-23 23:30:01] === 自主学习触发 ===
[2026-03-23 23:30:01] 时段：总结提升 (20:00-24:00)
[2026-03-23 15:30:02] 🧠 总结提升时段 - 主动整理模式
[2026-03-23 15:30:02] ✅ MEMORY.md 已更新（${hoursSinceUpdate.toFixed(1)}小时前）
[2026-03-23 15:30:02] ⏰ 22:00 时段，进化报告将由 cron 自动触发
[2026-03-23 23:30:01] === 自主学习完成 ===
[2026-03-24 00:00:01] === 自主学习触发 ===
[2026-03-24 00:00:01] 时段：游戏开发 (00:00-10:00)
[2026-03-23 16:00:01] 🎮 游戏开发时段 - 主动开发模式
[2026-03-23 16:00:01] ✅ 游戏开发进度正常
[2026-03-24 00:00:01] === 自主学习完成 ===
[2026-03-24 00:30:01] === 自主学习触发 ===
[2026-03-24 00:30:01] 时段：游戏开发 (00:00-10:00)
[2026-03-23 16:30:01] 🎮 游戏开发时段 - 主动开发模式
[2026-03-23 16:30:01] ✅ 游戏开发进度正常
[2026-03-24 00:30:01] === 自主学习完成 ===
[2026-03-24 01:00:01] === 自主学习触发 ===
[2026-03-24 01:00:01] 时段：游戏开发 (00:00-10:00)
[2026-03-23 17:00:01] 🎮 游戏开发时段 - 主动开发模式
[2026-03-23 17:00:01] ✅ 游戏开发进度正常
[2026-03-24 01:00:01] === 自主学习完成 ===
[2026-03-24 01:30:01] === 自主学习触发 ===
[2026-03-24 01:30:01] 时段：游戏开发 (00:00-10:00)
[2026-03-23 17:30:01] 🎮 游戏开发时段 - 主动开发模式
[2026-03-23 17:30:01] ✅ 游戏开发进度正常
[2026-03-24 01:30:01] === 自主学习完成 ===
[2026-03-24 02:00:01] === 自主学习触发 ===
[2026-03-24 02:00:01] 时段：游戏开发 (00:00-10:00)
[2026-03-23 18:00:01] 🎮 游戏开发时段 - 主动开发模式
[2026-03-23 18:00:01] ✅ 游戏开发进度正常
[2026-03-24 02:00:01] === 自主学习完成 ===
[2026-03-24 02:30:01] === 自主学习触发 ===
[2026-03-24 02:30:01] 时段：游戏开发 (00:00-10:00)
[2026-03-23 18:30:01] 🎮 游戏开发时段 - 主动开发模式
[2026-03-23 18:30:01] ✅ 游戏开发进度正常
[2026-03-24 02:30:01] === 自主学习完成 ===
[2026-03-24 03:00:01] === 自主学习触发 ===
[2026-03-24 03:00:01] 时段：游戏开发 (00:00-10:00)
[2026-03-23 19:00:01] 🎮 游戏开发时段 - 主动开发模式
[2026-03-23 19:00:01] ✅ 游戏开发进度正常
[2026-03-24 03:00:01] === 自主学习完成 ===
[2026-03-24 03:30:01] === 自主学习触发 ===
[2026-03-24 03:30:01] 时段：游戏开发 (00:00-10:00)
[2026-03-23 19:30:01] 🎮 游戏开发时段 - 主动开发模式
[2026-03-23 19:30:01] ✅ 游戏开发进度正常
[2026-03-24 03:30:01] === 自主学习完成 ===
[2026-03-24 04:00:01] === 自主学习触发 ===
[2026-03-24 04:00:01] 时段：游戏开发 (00:00-10:00)
[2026-03-23 20:00:01] 🎮 游戏开发时段 - 主动开发模式
[2026-03-23 20:00:01] ✅ 游戏开发进度正常
[2026-03-24 04:00:01] === 自主学习完成 ===
[2026-03-24 04:30:01] === 自主学习触发 ===
[2026-03-24 04:30:01] 时段：游戏开发 (00:00-10:00)
[2026-03-23 20:30:01] 🎮 游戏开发时段 - 主动开发模式
[2026-03-23 20:30:01] ✅ 游戏开发进度正常
[2026-03-24 04:30:01] === 自主学习完成 ===
[2026-03-24 05:00:01] === 自主学习触发 ===
[2026-03-24 05:00:01] 时段：游戏开发 (00:00-10:00)
[2026-03-23 21:00:01] 🎮 游戏开发时段 - 主动开发模式
[2026-03-23 21:00:01] ✅ 游戏开发进度正常
[2026-03-24 05:00:01] === 自主学习完成 ===
[2026-03-24 05:30:01] === 自主学习触发 ===
[2026-03-24 05:30:01] 时段：游戏开发 (00:00-10:00)
[2026-03-23 21:30:01] 🎮 游戏开发时段 - 主动开发模式
[2026-03-23 21:30:01] ✅ 游戏开发进度正常
[2026-03-24 05:30:01] === 自主学习完成 ===
[2026-03-24 06:00:01] === 自主学习触发 ===
[2026-03-24 06:00:01] 时段：游戏开发 (00:00-10:00)
[2026-03-23 22:00:01] 🎮 游戏开发时段 - 主动开发模式
[2026-03-23 22:00:01] ✅ 游戏开发进度正常
[2026-03-24 06:00:01] === 自主学习完成 ===
[2026-03-24 06:30:01] === 自主学习触发 ===
[2026-03-24 06:30:01] 时段：游戏开发 (00:00-10:00)
[2026-03-23 22:30:01] 🎮 游戏开发时段 - 主动开发模式
[2026-03-23 22:30:01] ✅ 游戏开发进度正常
[2026-03-24 06:30:01] === 自主学习完成 ===
[2026-03-24 07:00:01] === 自主学习触发 ===
[2026-03-24 07:00:01] 时段：游戏开发 (00:00-10:00)
[2026-03-23 23:00:01] 🎮 游戏开发时段 - 主动开发模式
[2026-03-23 23:00:01] ✅ 游戏开发进度正常
[2026-03-24 07:00:01] === 自主学习完成 ===
[2026-03-24 07:30:01] === 自主学习触发 ===
[2026-03-24 07:30:01] 时段：游戏开发 (00:00-10:00)
[2026-03-23 23:30:01] 🎮 游戏开发时段 - 主动开发模式
[2026-03-23 23:30:01] ✅ 游戏开发进度正常
[2026-03-24 07:30:01] === 自主学习完成 ===
[2026-03-24 08:00:01] === 自主学习触发 ===
[2026-03-24 08:00:01] 时段：游戏开发 (00:00-10:00)
[2026-03-24 00:00:01] 🎮 游戏开发时段 - 主动开发模式
[2026-03-24 00:00:01] ✅ 游戏开发进度正常
[2026-03-24 08:00:01] === 自主学习完成 ===
[2026-03-24 08:10:00] ✅ v0.48 跨服竞技场系统完成
  - 实现：crossArena.ts (13KB)
  - 测试：crossArena.test.ts (29/29 通过)
  - 功能：跨服匹配/排行榜/赛季系统/奖励系统
  - Git 提交：1f29042e
[2026-03-24 08:30:01] === 自主学习触发 ===
[2026-03-24 08:30:01] 时段：游戏开发 (00:00-10:00)
[2026-03-24 00:30:01] 🎮 游戏开发时段 - 主动开发模式
[2026-03-24 00:30:01] ✅ 游戏开发进度正常
[2026-03-24 08:30:01] === 自主学习完成 ===
[2026-03-24 09:00:01] === 自主学习触发 ===
[2026-03-24 09:00:01] 时段：游戏开发 (00:00-10:00)
[2026-03-24 01:00:01] 🎮 游戏开发时段 - 主动开发模式
[2026-03-24 01:00:01] ✅ 游戏开发进度正常
[2026-03-24 09:00:01] === 自主学习完成 ===
[2026-03-24 09:30:01] === 自主学习触发 ===
[2026-03-24 09:30:01] 时段：游戏开发 (00:00-10:00)
[2026-03-24 01:30:01] 🎮 游戏开发时段 - 主动开发模式
[2026-03-24 01:30:01] ✅ 游戏开发进度正常
[2026-03-24 09:30:01] === 自主学习完成 ===
[2026-03-24 10:00:01] === 自主学习触发 ===
[2026-03-24 10:00:01] 时段：量化交易 (10:00-20:00)
[2026-03-24 02:00:01] 📈 量化交易时段 - 主动开发模式
[2026-03-24 02:00:01] ✅ 量化交易进度正常
[2026-03-24 10:00:01] === 自主学习完成 ===
[2026-03-24 10:30:01] === 自主学习触发 ===
[2026-03-24 10:30:01] 时段：量化交易 (10:00-20:00)
[2026-03-24 02:30:01] 📈 量化交易时段 - 主动开发模式
[2026-03-24 02:30:01] ✅ 量化交易进度正常
[2026-03-24 10:30:01] === 自主学习完成 ===
[2026-03-24 11:00:01] === 自主学习触发 ===
[2026-03-24 11:00:01] 时段：量化交易 (10:00-20:00)
[2026-03-24 03:00:01] 📈 量化交易时段 - 主动开发模式
[2026-03-24 03:00:01] ✅ 量化交易进度正常
[2026-03-24 11:00:01] === 自主学习完成 ===
[2026-03-24 11:30:01] === 自主学习触发 ===
[2026-03-24 11:30:01] 时段：量化交易 (10:00-20:00)
[2026-03-24 03:30:01] 📈 量化交易时段 - 主动开发模式
[2026-03-24 03:30:01] ✅ 量化交易进度正常
[2026-03-24 11:30:01] === 自主学习完成 ===
[2026-03-24 12:00:01] === 自主学习触发 ===
[2026-03-24 12:00:01] 时段：量化交易 (10:00-20:00)
[2026-03-24 04:00:01] 📈 量化交易时段 - 主动开发模式
[2026-03-24 04:00:01] ✅ 量化交易进度正常
[2026-03-24 12:00:01] === 自主学习完成 ===
[2026-03-24 12:30:01] === 自主学习触发 ===
[2026-03-24 12:30:01] 时段：量化交易 (10:00-20:00)
[2026-03-24 04:30:01] 📈 量化交易时段 - 主动开发模式
[2026-03-24 04:30:01] ✅ 量化交易进度正常
[2026-03-24 12:30:01] === 自主学习完成 ===
[2026-03-24 13:00:01] === 自主学习触发 ===
[2026-03-24 13:00:01] 时段：量化交易 (10:00-20:00)
[2026-03-24 05:00:01] 📈 量化交易时段 - 主动开发模式
[2026-03-24 05:00:01] ✅ 量化交易进度正常
[2026-03-24 13:00:01] === 自主学习完成 ===
[2026-03-24 13:30:01] === 自主学习触发 ===
[2026-03-24 13:30:01] 时段：量化交易 (10:00-20:00)
[2026-03-24 05:30:01] 📈 量化交易时段 - 主动开发模式
[2026-03-24 05:30:01] ✅ 量化交易进度正常
[2026-03-24 13:30:01] === 自主学习完成 ===
[2026-03-24 14:00:01] === 自主学习触发 ===
[2026-03-24 14:00:01] 时段：量化交易 (10:00-20:00)
[2026-03-24 06:00:01] 📈 量化交易时段 - 主动开发模式
[2026-03-24 06:00:01] ✅ 量化交易进度正常
[2026-03-24 14:00:01] === 自主学习完成 ===
[2026-03-24 14:30:01] === 自主学习触发 ===
[2026-03-24 14:30:01] 时段：量化交易 (10:00-20:00)
[2026-03-24 06:30:01] 📈 量化交易时段 - 主动开发模式
[2026-03-24 06:30:01] ✅ 量化交易进度正常
[2026-03-24 14:30:01] === 自主学习完成 ===
[2026-03-24 15:00:01] === 自主学习触发 ===
[2026-03-24 15:00:01] 时段：量化交易 (10:00-20:00)
[2026-03-24 07:00:01] 📈 量化交易时段 - 主动开发模式
[2026-03-24 07:00:01] ✅ 量化交易进度正常
[2026-03-24 15:00:01] === 自主学习完成 ===
[2026-03-24 15:30:02] === 自主学习触发 ===
[2026-03-24 15:30:02] 时段：量化交易 (10:00-20:00)
[2026-03-24 07:30:02] 📈 量化交易时段 - 主动开发模式
[2026-03-24 07:30:02] ✅ 量化交易进度正常
[2026-03-24 15:30:02] === 自主学习完成 ===
[2026-03-24 16:00:01] === 自主学习触发 ===
[2026-03-24 16:00:01] 时段：量化交易 (10:00-20:00)
[2026-03-24 08:00:01] 📈 量化交易时段 - 主动开发模式
[2026-03-24 08:00:01] ✅ 量化交易进度正常
[2026-03-24 16:00:01] === 自主学习完成 ===
[2026-03-24 16:30:01] === 自主学习触发 ===
[2026-03-24 16:30:01] 时段：量化交易 (10:00-20:00)
[2026-03-24 08:30:01] 📈 量化交易时段 - 主动开发模式
[2026-03-24 08:30:01] ✅ 量化交易进度正常
[2026-03-24 16:30:01] === 自主学习完成 ===
[2026-03-24 16:30:00] ⏸️ 量化交易时段 - Stage 4 阻塞
  - 原因：等待券商 API 凭证
  - 建议：继续游戏开发 v0.49 或等待用户提供凭证
[2026-03-24 17:00:01] === 自主学习触发 ===
[2026-03-24 17:00:01] 时段：量化交易 (10:00-20:00)
[2026-03-24 09:00:01] 📈 量化交易时段 - 主动开发模式
[2026-03-24 09:00:01] ✅ 量化交易进度正常
[2026-03-24 17:00:01] === 自主学习完成 ===
[2026-03-24 17:30:01] === 自主学习触发 ===
[2026-03-24 17:30:01] 时段：量化交易 (10:00-20:00)
[2026-03-24 09:30:01] 📈 量化交易时段 - 主动开发模式
[2026-03-24 09:30:01] ✅ 量化交易进度正常
[2026-03-24 17:30:01] === 自主学习完成 ===
[2026-03-24 18:00:01] === 自主学习触发 ===
[2026-03-24 18:00:01] 时段：量化交易 (10:00-20:00)
[2026-03-24 10:00:01] 📈 量化交易时段 - 主动开发模式
[2026-03-24 10:00:01] ✅ 量化交易进度正常
[2026-03-24 18:00:01] === 自主学习完成 ===
[2026-03-24 18:30:01] === 自主学习触发 ===
[2026-03-24 18:30:01] 时段：量化交易 (10:00-20:00)
[2026-03-24 10:30:01] 📈 量化交易时段 - 主动开发模式
[2026-03-24 10:30:01] ✅ 量化交易进度正常
[2026-03-24 18:30:01] === 自主学习完成 ===
[2026-03-24 19:00:01] === 自主学习触发 ===
[2026-03-24 19:00:01] 时段：量化交易 (10:00-20:00)
[2026-03-24 11:00:01] 📈 量化交易时段 - 主动开发模式
[2026-03-24 11:00:01] ✅ 量化交易进度正常
[2026-03-24 19:00:01] === 自主学习完成 ===
[2026-03-24 19:30:01] === 自主学习触发 ===
[2026-03-24 19:30:01] 时段：量化交易 (10:00-20:00)
[2026-03-24 11:30:01] 📈 量化交易时段 - 主动开发模式
[2026-03-24 11:30:01] ✅ 量化交易进度正常
[2026-03-24 19:30:01] === 自主学习完成 ===
[2026-03-24 20:00:01] === 自主学习触发 ===
[2026-03-24 20:00:01] 时段：总结提升 (20:00-24:00)
[2026-03-24 12:00:01] 🧠 总结提升时段 - 主动整理模式
[2026-03-24 12:00:01] ✅ MEMORY.md 已更新（${hoursSinceUpdate.toFixed(1)}小时前）
[2026-03-24 20:00:01] === 自主学习完成 ===
[2026-03-24 20:01:00] 🔄 时段切换：量化交易 → 总结提升
  - 游戏开发：v0.48 跨服竞技场完成 ✅
  - 量化交易：Stage 4 等待 API 凭证 ⏸️
  - 下一步：22:00 生成每日进化报告
[2026-03-24 20:30:01] === 自主学习触发 ===
[2026-03-24 20:30:01] 时段：总结提升 (20:00-24:00)
[2026-03-24 12:30:01] 🧠 总结提升时段 - 主动整理模式
[2026-03-24 12:30:01] ✅ MEMORY.md 已更新（${hoursSinceUpdate.toFixed(1)}小时前）
[2026-03-24 20:30:01] === 自主学习完成 ===
[2026-03-24 21:00:01] === 自主学习触发 ===
[2026-03-24 21:00:01] 时段：总结提升 (20:00-24:00)
[2026-03-24 13:00:01] 🧠 总结提升时段 - 主动整理模式
[2026-03-24 13:00:01] ✅ MEMORY.md 已更新（${hoursSinceUpdate.toFixed(1)}小时前）
[2026-03-24 21:00:01] === 自主学习完成 ===
[2026-03-24 21:30:01] === 自主学习触发 ===
[2026-03-24 21:30:01] 时段：总结提升 (20:00-24:00)
[2026-03-24 13:30:01] 🧠 总结提升时段 - 主动整理模式
[2026-03-24 13:30:01] ✅ MEMORY.md 已更新（${hoursSinceUpdate.toFixed(1)}小时前）
[2026-03-24 21:30:01] === 自主学习完成 ===
[2026-03-24 21:30:00] 📝 第13天总结提升完成
  - 生成进化报告：2026-03-24-day-13.md
  - 更新每日日志：memory/2026-03-24.md
  - 更新 MEMORY.md 第13天记录
  - Git 提交：fd2edf54
[2026-03-24 22:00:01] === 自主学习触发 ===
[2026-03-24 22:00:01] 时段：总结提升 (20:00-24:00)
[2026-03-24 14:00:01] 🧠 总结提升时段 - 主动整理模式
[2026-03-24 14:00:01] ✅ MEMORY.md 已更新（${hoursSinceUpdate.toFixed(1)}小时前）
[2026-03-24 14:00:01] ⏰ 22:00 时段，进化报告将由 cron 自动触发
[2026-03-24 22:00:01] === 自主学习完成 ===
[2026-03-24 22:30:01] === 自主学习触发 ===
[2026-03-24 22:30:01] 时段：总结提升 (20:00-24:00)
[2026-03-24 14:30:01] 🧠 总结提升时段 - 主动整理模式
[2026-03-24 14:30:01] ✅ MEMORY.md 已更新（${hoursSinceUpdate.toFixed(1)}小时前）
[2026-03-24 14:30:01] ⏰ 22:00 时段，进化报告将由 cron 自动触发
[2026-03-24 22:30:01] === 自主学习完成 ===
[2026-03-24 23:00:01] === 自主学习触发 ===
[2026-03-24 23:00:01] 时段：总结提升 (20:00-24:00)
[2026-03-24 15:00:01] 🧠 总结提升时段 - 主动整理模式
[2026-03-24 15:00:01] ✅ MEMORY.md 已更新（${hoursSinceUpdate.toFixed(1)}小时前）
[2026-03-24 15:00:01] ⏰ 22:00 时段，进化报告将由 cron 自动触发
[2026-03-24 23:00:01] === 自主学习完成 ===
[2026-03-24 23:30:01] === 自主学习触发 ===
[2026-03-24 23:30:01] 时段：总结提升 (20:00-24:00)
[2026-03-24 15:30:01] 🧠 总结提升时段 - 主动整理模式
[2026-03-24 15:30:01] ✅ MEMORY.md 已更新（${hoursSinceUpdate.toFixed(1)}小时前）
[2026-03-24 15:30:01] ⏰ 22:00 时段，进化报告将由 cron 自动触发
[2026-03-24 23:30:01] === 自主学习完成 ===
[2026-03-25 00:00:01] === 自主学习触发 ===
[2026-03-25 00:00:01] 时段：游戏开发 (00:00-10:00)
[2026-03-24 16:00:01] 🎮 游戏开发时段 - 主动开发模式
[2026-03-24 16:00:01] ✅ 游戏开发进度正常
[2026-03-25 00:00:01] === 自主学习完成 ===
[2026-03-25 00:00:00] 🚀 第 14 天开始 - 游戏开发时段
  - 时段：00:00-10:00
  - 目标：v0.49 宠物进化系统
  - 上一版本：v0.48 跨服竞技场 (29/29 测试)
[2026-03-25 00:30:01] === 自主学习触发 ===
[2026-03-25 00:30:01] 时段：游戏开发 (00:00-10:00)
[2026-03-24 16:30:01] 🎮 游戏开发时段 - 主动开发模式
[2026-03-24 16:30:01] ✅ 游戏开发进度正常
[2026-03-25 00:30:01] === 自主学习完成 ===
[2026-03-25 00:30:00] ✅ v0.49 世界地图系统完成
  - 实现：worldMap.ts (16KB)
  - 测试：worldMap.test.ts (48/48 通过)
  - 功能：6大区域/节点探索/传送系统/地图事件/资源采集
  - Git 提交：9b5ea13a
[2026-03-25 00:45:00] ✅ v0.50 合成系统完成
  - 实现：crafting.ts (13KB)
  - 测试：crafting.test.ts (37/37 通过)
  - 功能：12配方/5分类/批量合成/配方解锁/历史记录
  - Git 提交：711651dd
[2026-03-25 01:00:01] === 自主学习触发 ===
[2026-03-25 01:00:01] 时段：游戏开发 (00:00-10:00)
[2026-03-24 17:00:02] 🎮 游戏开发时段 - 主动开发模式
[2026-03-24 17:00:02] ✅ 游戏开发进度正常
[2026-03-25 01:00:01] === 自主学习完成 ===
[2026-03-25 01:00:00] ✅ v0.51 天赋树系统完成
  - 实现：talentTree.ts (13KB)
  - 测试：talentTree.test.ts (35/35 通过)
  - 功能：3分支18天赋/前置依赖/效果计算/预设/重置
  - Git 提交：10252ec0
[2026-03-25 01:15:00] ✅ v0.52 转生系统完成
  - 实现：rebirth.ts (10KB)
  - 测试：rebirth.test.ts (33/33 通过)
  - 功能：转生加成/商店8物品/里程碑6个/最速记录
  - Git 提交：7f1e65e4
  
  📊 第14天凌晨总计（00:00-01:15）：
  - v0.49 世界地图系统 (48/48 测试)
  - v0.50 合成系统 (37/37 测试)
  - v0.51 天赋树系统 (35/35 测试)
  - v0.52 转生系统 (33/33 测试)
  - 总计：4 个版本 / 153 个测试 / ~52KB 代码
[2026-03-25 01:30:01] === 自主学习触发 ===
[2026-03-25 01:30:01] 时段：游戏开发 (00:00-10:00)
[2026-03-24 17:30:01] 🎮 游戏开发时段 - 主动开发模式
[2026-03-24 17:30:01] ✅ 游戏开发进度正常
[2026-03-25 01:30:01] === 自主学习完成 ===
[2026-03-25 01:45:00] ✅ v0.54 公告系统完成
  - 实现：announcement.ts (6KB)
  - 测试：announcement.test.ts (24/24 通过)
  - 功能：弹窗公告/已读追踪/红点/过期清理/优先级排序
  - Git 提交：92cde1fd
  
  📊 第14天进度（00:00-01:45）：
  - v0.49 世界地图 (48) + v0.50 合成 (37) + v0.51 天赋树 (35)
  - v0.52 转生 (33) + v0.53 离线挂机 (32) + v0.54 公告 (24)
  - 总计：6 个版本 / 209 个测试 / ~68KB 代码
[2026-03-25 02:00:01] === 自主学习触发 ===
[2026-03-25 02:00:01] 时段：游戏开发 (00:00-10:00)
[2026-03-24 18:00:01] 🎮 游戏开发时段 - 主动开发模式
[2026-03-24 18:00:01] ✅ 游戏开发进度正常
[2026-03-25 02:00:01] === 自主学习完成 ===
[2026-03-25 02:00:00] ✅ v0.55 设置系统完成
  - 实现：settings.ts (9KB)
  - 测试：settings.test.ts (31/31 通过)
  - 功能：25设置项/6分类/值验证/变更历史/默认值管理
  - Git 提交：f62cc5c0
  
  📊 第14天进度（00:00-02:00）：
  - 7 个版本完成 / 240 个测试 / ~77KB 代码
  - 平均 17 分钟/版本
[2026-03-25 02:15:00] ✅ v0.56 存档系统完成
  - 实现：saveSystem.ts (8KB)
  - 测试：saveSystem.test.ts (31/31 通过)
  - 功能：5槽位/自动存档/校验和/复制/读写
  - Git 提交：bffb0917
  
  📊 第14天进度（00:00-02:15）：
  - 8 个版本完成 / 271 个测试 / ~85KB 代码
[2026-03-25 02:30:01] === 自主学习触发 ===
[2026-03-25 02:30:01] 时段：游戏开发 (00:00-10:00)
[2026-03-24 18:30:01] 🎮 游戏开发时段 - 主动开发模式
[2026-03-24 18:30:01] ✅ 游戏开发进度正常
[2026-03-25 02:30:01] === 自主学习完成 ===
[2026-03-25 02:30:00] ✅ v0.57 引导教程系统完成
  - 实现：tutorial.ts (12KB)
  - 测试：tutorial.test.ts (29/29 通过)
  - 功能：7教程/3分类/步骤引导/奖励/跳过/重播
  - Git 提交：199b8974
  
  🎉 第14天里程碑：300 测试突破！
  - 9 个版本 / 300 个测试 / ~97KB 代码
  - 2.5 小时完成，平均 16.7 分钟/版本
[2026-03-25 02:45:00] ✅ v0.58 排行榜系统完成
  - 实现：leaderboard.ts (9KB)
  - 测试：leaderboard.test.ts (25/25 通过)
  - 功能：6维度排行/NPC模拟/排名奖励/自动刷新
  - Git 提交：b8b52b81
  
  📊 第14天进度（00:00-02:45）：
  - 10 个版本完成 / 325 个测试 / ~106KB 代码
  - 平均 16.5 分钟/版本 🔥
[2026-03-25 03:00:01] === 自主学习触发 ===
[2026-03-25 03:00:01] 时段：游戏开发 (00:00-10:00)
[2026-03-24 19:00:01] 🎮 游戏开发时段 - 主动开发模式
[2026-03-24 19:00:01] ✅ 游戏开发进度正常
[2026-03-25 03:00:01] === 自主学习完成 ===
[2026-03-25 03:00:00] ✅ v0.59 成就徽章系统完成
  - 实现：badges.ts (9KB)
  - 测试：badges.test.ts (23/23 通过)
  - 功能：24徽章/6分类/5稀有度/展示/收藏/加成
  - Git 提交：9daae13d
  
  📊 第14天进度（00:00-03:00）：
  - 11 个版本完成 / 348 个测试 / ~115KB 代码
  - 3 小时高效开发 🔥
[2026-03-25 03:15:00] 🎉 v0.60 里程碑! 事件系统完成
  - 实现：eventBus.ts (6KB)
  - 测试：eventBus.test.ts (22/22 通过)
  - 功能：EventBus/发布订阅/优先级/过滤/暂停恢复
  - Git 提交：52d8a76c
  
  🏆 第14天 v0.60 里程碑：
  - 12 个版本 / 370 个测试 / ~121KB 代码
  - 3.25 小时完成，平均 16.3 分钟/版本
  - 游戏核心系统基本完整！
[2026-03-25 03:30:01] === 自主学习触发 ===
[2026-03-25 03:30:01] 时段：游戏开发 (00:00-10:00)
[2026-03-24 19:30:01] 🎮 游戏开发时段 - 主动开发模式
[2026-03-24 19:30:01] ✅ 游戏开发进度正常
[2026-03-25 03:30:01] === 自主学习完成 ===
[2026-03-25 03:45:00] ✅ v0.61 数据统计仪表盘完成
  - 实现：statsDashboard.ts (8KB)
  - 测试：statsDashboard.test.ts (20/20 通过)
  - 功能：28指标/5分类/每日快照/趋势分析/摘要
  - Git 提交：eac37344
  
  📊 第14天进度（00:00-03:45）：
  - 13 个版本 / 390 个测试 / ~129KB 代码
[2026-03-25 04:00:01] === 自主学习触发 ===
[2026-03-25 04:00:01] 时段：游戏开发 (00:00-10:00)
[2026-03-24 20:00:01] 🎮 游戏开发时段 - 主动开发模式
[2026-03-24 20:00:01] ✅ 游戏开发进度正常
[2026-03-25 04:00:01] === 自主学习完成 ===
[2026-03-25 04:30:01] === 自主学习触发 ===
[2026-03-25 04:30:01] 时段：游戏开发 (00:00-10:00)
[2026-03-24 20:30:02] 🎮 游戏开发时段 - 主动开发模式
[2026-03-24 20:30:02] ✅ 游戏开发进度正常
[2026-03-25 04:30:01] === 自主学习完成 ===
[2026-03-25 05:00:01] === 自主学习触发 ===
[2026-03-25 05:00:01] 时段：游戏开发 (00:00-10:00)
[2026-03-24 21:00:01] 🎮 游戏开发时段 - 主动开发模式
[2026-03-24 21:00:01] ✅ 游戏开发进度正常
[2026-03-25 05:00:01] === 自主学习完成 ===
[2026-03-25 05:30:01] === 自主学习触发 ===
[2026-03-25 05:30:01] 时段：游戏开发 (00:00-10:00)
[2026-03-24 21:30:01] 🎮 游戏开发时段 - 主动开发模式
[2026-03-24 21:30:01] ✅ 游戏开发进度正常
[2026-03-25 05:30:01] === 自主学习完成 ===
[2026-03-25 06:00:01] === 自主学习触发 ===
[2026-03-25 06:00:01] 时段：游戏开发 (00:00-10:00)
[2026-03-24 22:00:01] 🎮 游戏开发时段 - 主动开发模式
[2026-03-24 22:00:01] ✅ 游戏开发进度正常
[2026-03-25 06:00:01] === 自主学习完成 ===
[2026-03-25 06:30:01] === 自主学习触发 ===
[2026-03-25 06:30:01] 时段：游戏开发 (00:00-10:00)
[2026-03-24 22:30:01] 🎮 游戏开发时段 - 主动开发模式
[2026-03-24 22:30:01] ✅ 游戏开发进度正常
[2026-03-25 06:30:01] === 自主学习完成 ===
[2026-03-25 07:00:01] === 自主学习触发 ===
[2026-03-25 07:00:01] 时段：游戏开发 (00:00-10:00)
[2026-03-24 23:00:01] 🎮 游戏开发时段 - 主动开发模式
[2026-03-24 23:00:01] ✅ 游戏开发进度正常
[2026-03-25 07:00:01] === 自主学习完成 ===
[2026-03-25 07:30:01] === 自主学习触发 ===
[2026-03-25 07:30:01] 时段：游戏开发 (00:00-10:00)
[2026-03-24 23:30:01] 🎮 游戏开发时段 - 主动开发模式
[2026-03-24 23:30:01] ✅ 游戏开发进度正常
[2026-03-25 07:30:01] === 自主学习完成 ===
[2026-03-25 08:00:01] === 自主学习触发 ===
[2026-03-25 08:00:01] 时段：游戏开发 (00:00-10:00)
[2026-03-25 00:00:01] 🎮 游戏开发时段 - 主动开发模式
[2026-03-25 00:00:01] ✅ 游戏开发进度正常
[2026-03-25 08:00:01] === 自主学习完成 ===
[2026-03-25 08:30:01] === 自主学习触发 ===
[2026-03-25 08:30:01] 时段：游戏开发 (00:00-10:00)
[2026-03-25 00:30:01] 🎮 游戏开发时段 - 主动开发模式
[2026-03-25 00:30:01] ✅ 游戏开发进度正常
[2026-03-25 08:30:01] === 自主学习完成 ===
[2026-03-25 09:00:01] === 自主学习触发 ===
[2026-03-25 09:00:01] 时段：游戏开发 (00:00-10:00)
[2026-03-25 01:00:01] 🎮 游戏开发时段 - 主动开发模式
[2026-03-25 01:00:01] ✅ 游戏开发进度正常
[2026-03-25 09:00:01] === 自主学习完成 ===
[2026-03-25 09:30:01] === 自主学习触发 ===
[2026-03-25 09:30:01] 时段：游戏开发 (00:00-10:00)
[2026-03-25 01:30:01] 🎮 游戏开发时段 - 主动开发模式
[2026-03-25 01:30:01] ✅ 游戏开发进度正常
[2026-03-25 09:30:01] === 自主学习完成 ===
[2026-03-25 10:00:01] === 自主学习触发 ===
[2026-03-25 10:00:01] 时段：量化交易 (10:00-20:00)
[2026-03-25 02:00:01] 📈 量化交易时段 - 主动开发模式
[2026-03-25 02:00:01] ✅ 量化交易进度正常
[2026-03-25 10:00:01] === 自主学习完成 ===
[2026-03-25 10:30:01] === 自主学习触发 ===
[2026-03-25 10:30:01] 时段：量化交易 (10:00-20:00)
[2026-03-25 02:30:01] 📈 量化交易时段 - 主动开发模式
[2026-03-25 02:30:01] ✅ 量化交易进度正常
[2026-03-25 10:30:01] === 自主学习完成 ===
[2026-03-25 11:00:02] === 自主学习触发 ===
[2026-03-25 11:00:02] 时段：量化交易 (10:00-20:00)
[2026-03-25 03:00:02] 📈 量化交易时段 - 主动开发模式
[2026-03-25 03:00:02] ✅ 量化交易进度正常
[2026-03-25 11:00:02] === 自主学习完成 ===
[2026-03-25 11:30:01] === 自主学习触发 ===
[2026-03-25 11:30:01] 时段：量化交易 (10:00-20:00)
[2026-03-25 03:30:01] 📈 量化交易时段 - 主动开发模式
[2026-03-25 03:30:01] ✅ 量化交易进度正常
[2026-03-25 11:30:01] === 自主学习完成 ===
[2026-03-25 12:00:01] === 自主学习触发 ===
[2026-03-25 12:00:01] 时段：量化交易 (10:00-20:00)
[2026-03-25 04:00:01] 📈 量化交易时段 - 主动开发模式
[2026-03-25 04:00:01] ✅ 量化交易进度正常
[2026-03-25 12:00:01] === 自主学习完成 ===
[2026-03-25 12:30:01] === 自主学习触发 ===
[2026-03-25 12:30:01] 时段：量化交易 (10:00-20:00)
[2026-03-25 04:30:01] 📈 量化交易时段 - 主动开发模式
[2026-03-25 04:30:01] ✅ 量化交易进度正常
[2026-03-25 12:30:01] === 自主学习完成 ===
[2026-03-25 13:00:01] === 自主学习触发 ===
[2026-03-25 13:00:01] 时段：量化交易 (10:00-20:00)
[2026-03-25 05:00:01] 📈 量化交易时段 - 主动开发模式
[2026-03-25 05:00:01] ✅ 量化交易进度正常
[2026-03-25 13:00:01] === 自主学习完成 ===
[2026-03-25 13:30:01] === 自主学习触发 ===
[2026-03-25 13:30:01] 时段：量化交易 (10:00-20:00)
[2026-03-25 05:30:01] 📈 量化交易时段 - 主动开发模式
[2026-03-25 05:30:01] ✅ 量化交易进度正常
[2026-03-25 13:30:01] === 自主学习完成 ===
[2026-03-25 14:00:01] === 自主学习触发 ===
[2026-03-25 14:00:01] 时段：量化交易 (10:00-20:00)
[2026-03-25 06:00:01] 📈 量化交易时段 - 主动开发模式
[2026-03-25 06:00:01] ✅ 量化交易进度正常
[2026-03-25 14:00:01] === 自主学习完成 ===
[2026-03-25 14:30:01] === 自主学习触发 ===
[2026-03-25 14:30:01] 时段：量化交易 (10:00-20:00)
[2026-03-25 06:30:01] 📈 量化交易时段 - 主动开发模式
[2026-03-25 06:30:01] ✅ 量化交易进度正常
[2026-03-25 14:30:01] === 自主学习完成 ===
[2026-03-25 15:00:01] === 自主学习触发 ===
[2026-03-25 15:00:01] 时段：量化交易 (10:00-20:00)
[2026-03-25 07:00:01] 📈 量化交易时段 - 主动开发模式
[2026-03-25 07:00:01] ✅ 量化交易进度正常
[2026-03-25 15:00:01] === 自主学习完成 ===
[2026-03-25 15:30:01] === 自主学习触发 ===
[2026-03-25 15:30:01] 时段：量化交易 (10:00-20:00)
[2026-03-25 07:30:01] 📈 量化交易时段 - 主动开发模式
[2026-03-25 07:30:01] ✅ 量化交易进度正常
[2026-03-25 15:30:01] === 自主学习完成 ===
[2026-03-25 16:00:01] === 自主学习触发 ===
[2026-03-25 16:00:01] 时段：量化交易 (10:00-20:00)
[2026-03-25 08:00:01] 📈 量化交易时段 - 主动开发模式
[2026-03-25 08:00:01] ✅ 量化交易进度正常
[2026-03-25 16:00:01] === 自主学习完成 ===
[2026-03-25 16:30:01] === 自主学习触发 ===
[2026-03-25 16:30:01] 时段：量化交易 (10:00-20:00)
[2026-03-25 08:30:01] 📈 量化交易时段 - 主动开发模式
[2026-03-25 08:30:01] ✅ 量化交易进度正常
[2026-03-25 16:30:01] === 自主学习完成 ===
[2026-03-25 17:00:01] === 自主学习触发 ===
[2026-03-25 17:00:01] 时段：量化交易 (10:00-20:00)
[2026-03-25 09:00:01] 📈 量化交易时段 - 主动开发模式
[2026-03-25 09:00:01] ✅ 量化交易进度正常
[2026-03-25 17:00:01] === 自主学习完成 ===
[2026-03-25 17:30:02] === 自主学习触发 ===
[2026-03-25 17:30:02] 时段：量化交易 (10:00-20:00)
[2026-03-25 09:30:02] 📈 量化交易时段 - 主动开发模式
[2026-03-25 09:30:02] ✅ 量化交易进度正常
[2026-03-25 17:30:02] === 自主学习完成 ===
[2026-03-25 18:00:01] === 自主学习触发 ===
[2026-03-25 18:00:01] 时段：量化交易 (10:00-20:00)
[2026-03-25 10:00:01] 📈 量化交易时段 - 主动开发模式
[2026-03-25 10:00:01] ✅ 量化交易进度正常
[2026-03-25 18:00:01] === 自主学习完成 ===
